exposure_rank,onet_soc_code,occupation_title,exposure_score,dispersion_sd,n_tasks,passtasks,share_gated,share_phys_gate,share_capability_gate_digital,mean_objverif_pass,mean_ctxindep_pass,exposure_no_analyst,weighting_mode,n_gated,n_analyst_imputed,n_suppressed,small_occ_flag,survey_n,survey_date
1,43-3031.00,"Bookkeeping, Accounting, and Auditing Clerks",0.9776176813040586,0.09438537012636959,28,28,0.0,0.0,0.0,1.9647371922821024,1.9647371922821024,0.9776176813040586,IM-weighted,0,0,0,False,130.0,07/2017
2,43-3051.00,Payroll and Timekeeping Clerks,0.9172658908771545,0.22737901530334298,21,20,0.05060928751783951,0.05060928751783951,0.0,1.9559435707678074,1.9559435707678074,0.9172658908771545,IM-weighted,1,0,0,False,64.0,08/2022
3,43-9041.00,Insurance Claims and Policy Processing Clerks,0.9147247247247248,0.20909017512539083,25,24,0.036529863196529865,0.036529863196529865,0.0,1.9218429655898488,1.8784008422452485,0.8984818151484818,IM-weighted,1,4,0,False,160.0,08/2022
4,43-9021.00,Data Entry Keyers,0.8975441787941787,0.28696927081718776,9,8,0.09147609147609147,0.09147609147609147,0.0,2.0,2.0,0.8975441787941787,IM-weighted,1,0,0,False,54.0,08/2018
5,13-1081.02,Logistics Analysts,0.875771340418238,0.14826532620184596,31,31,0.0,0.0,0.0,1.8318477888241347,1.739286938635585,0.875771340418238,IM-weighted,0,0,0,False,22.0,08/2020
6,43-4151.00,Order Clerks,0.8752710459183675,0.20646519355924642,19,19,0.0,0.0,0.0,1.7362244897959187,1.5826530612244902,0.8752710459183675,IM-weighted,0,0,0,False,59.0,08/2023
7,43-4021.00,Correspondence Clerks,0.8697110830438901,0.2600628161475432,17,16,0.050520997789706354,0.050520997789706354,0.0,1.7615563684735616,1.8232457598935816,0.8697110830438901,IM-weighted,1,0,0,False,55.0,08/2023
8,29-2072.00,Medical Records Specialists,0.8676470588235293,0.2624495337878639,17,16,0.058823529411764705,0.058823529411764705,0.0,1.9375,1.875,,unweighted,1,17,0,False,,
9,43-5011.01,Freight Forwarders,0.8623431983775257,0.2054999562611427,31,30,0.03477803650567115,0.03477803650567115,0.0,1.8729182879377433,1.8358754863813231,0.8623431983775257,IM-weighted,1,0,0,False,49.0,08/2024
10,43-4031.00,"Court, Municipal, and License Clerks",0.8557339352322823,0.20613844300686338,30,29,0.029755849440488303,0.029755849440488303,0.0,1.964613368283093,1.7559196155526433,0.8489636317395729,IM-weighted,1,3,0,False,265.0,08/2022
11,15-1243.01,Data Warehousing Specialists,0.854579655621473,0.10335236272646678,18,18,0.0,0.0,0.0,1.890898567501085,1.7813630444219362,0.854579655621473,IM-weighted,0,0,0,False,23.0,08/2018
12,43-9111.00,Statistical Assistants,0.8423792456050521,0.3420829974568261,14,12,0.13961426864652673,0.13961426864652673,0.0,2.0,2.0,0.8423792456050521,IM-weighted,2,0,0,False,112.0,07/2015
13,43-9022.00,Word Processors and Typists,0.8386446147640176,0.36785843050191197,19,16,0.16135538523598225,0.16135538523598225,0.0,2.0,2.0,0.8386446147640176,IM-weighted,3,0,0,False,90.0,07/2017
14,15-2051.01,Business Intelligence Analysts,0.8342853766151908,0.14591883916809648,17,17,0.0,0.0,0.0,1.780334068704696,1.5961235423889066,0.8342853766151908,IM-weighted,0,0,0,False,22.0,08/2024
15,17-1021.00,Cartographers and Photogrammetrists,0.8322624955689472,0.20318681115562087,14,13,0.05051400212690535,0.05051400212690535,0.0,2.0,1.8566361769647188,0.8322624955689472,IM-weighted,1,0,0,False,60.0,08/2018
16,43-9081.00,Proofreaders and Copy Markers,0.8247173298543161,0.18847653292528982,11,11,0.0,0.0,0.0,1.5857795172863667,1.7488584474885842,0.8247173298543161,IM-weighted,0,0,0,False,53.0,07/2016
17,41-3041.00,Travel Agents,0.8237134420697412,0.2349818334154446,8,8,0.0,0.0,0.0,1.6144544431946006,1.485939257592801,0.8237134420697412,IM-weighted,0,0,0,False,69.0,07/2016
18,43-3021.00,Billing and Posting Clerks,0.8215088960701286,0.3393125234000638,28,24,0.13353019835079116,0.13353019835079116,0.0,1.9587818460074333,1.916483403423486,0.8098803952158087,IM-weighted,4,5,0,False,127.0,08/2022
19,13-2082.00,Tax Preparers,0.8085944964647429,0.27653436844504703,12,11,0.08733040321039556,0.08733040321039556,0.0,1.9120603015075377,1.7282244556113902,0.8085944964647429,IM-weighted,1,0,0,False,21.0,08/2025
20,43-3061.00,Procurement Clerks,0.8048340778557753,0.31491736424845845,19,17,0.09827696234843651,0.09827696234843651,0.0,1.8911535739561218,1.6556263269639064,0.8048340778557753,IM-weighted,2,0,0,False,58.0,08/2022
21,43-5061.00,"Production, Planning, and Expediting Clerks",0.8046031000469702,0.27858911374001105,17,16,0.060435259120087674,0.060435259120087674,0.0,1.8673554407598734,1.611898016997167,0.8046031000469702,IM-weighted,1,0,0,False,73.0,08/2022
22,27-3092.00,Court Reporters and Simultaneous Captioners,0.8005500758725341,0.3276117495116008,14,12,0.13717754172989374,0.13717754172989374,0.0,2.0,1.9203306366514246,0.8005500758725341,IM-weighted,2,0,0,False,64.0,08/2020
23,15-2041.00,Statisticians,0.8005154639175257,0.13385717506943096,19,19,0.0,0.0,0.0,1.6466494845360826,1.6992268041237117,0.8005154639175257,IM-weighted,0,0,0,False,21.0,08/2024
24,43-5032.00,"Dispatchers, Except Police, Fire, and Ambulance",0.7993830112875454,0.1648882521051875,12,12,0.0,0.0,0.0,1.7532045150181752,1.3160512722402908,0.7993830112875454,IM-weighted,0,0,0,False,69.0,08/2021
25,31-9094.00,Medical Transcriptionists,0.7970097967539113,0.2455869009466884,15,14,0.06141248720573182,0.06141248720573182,0.0,1.8657111699641686,1.64573921171522,0.7970097967539113,IM-weighted,1,0,0,False,51.0,08/2021
26,43-9031.00,Desktop Publishers,0.7958796421794524,0.29975559103459565,18,16,0.09365681756573598,0.09365681756573598,0.0,1.7554957379991025,1.8223418573351275,0.7958796421794524,IM-weighted,2,0,0,False,66.0,08/2021
27,15-1253.00,Software Quality Assurance Analysts and Testers,0.795796036307673,0.20590053914260367,30,29,0.02823895222839913,0.02823895222839913,0.0,1.7640328507849086,1.6724908613150011,0.7823659662677849,IM-weighted,1,3,0,False,34.0,08/2022
28,43-6013.00,Medical Secretaries and Administrative Assistants,0.7928341754708316,0.3494323851545961,15,13,0.1396417087735416,0.1396417087735416,0.0,2.0,1.686065136145222,0.7928341754708316,IM-weighted,2,0,0,False,85.0,08/2021
29,15-2051.00,Data Scientists,0.7890625,0.1807036485346934,16,16,0.0,0.0,0.0,1.4375,1.625,,unweighted,0,16,0,False,,
30,19-4012.01,Precision Agriculture Technicians,0.7870727010110735,0.28045973376567446,22,20,0.09954260953298023,0.09954260953298023,0.0,1.9516107472263067,1.82101323352493,0.7870727010110735,IM-weighted,2,0,0,False,23.0,08/2023
31,15-1254.00,Web Developers,0.7870230658844386,0.23674044892051668,29,28,0.03637150213143123,0.03637150213143123,0.0,1.7179414180125925,1.5688256227758004,0.7943951448388414,IM-weighted,1,2,0,False,24.0,07/2017
32,15-2051.02,Clinical Data Managers,0.7819444444444444,0.2590154191067323,21,20,0.043933588761174966,0.043933588761174966,0.0,1.6822067860005345,1.5913705583756346,0.7819444444444444,IM-weighted,1,0,0,False,20.0,07/2016
33,43-4131.00,Loan Interviewers and Clerks,0.7816770979690892,0.3040316085861798,18,16,0.10703793587942263,0.10703793587942263,0.0,1.874409955657274,1.6884565870404808,0.7816770979690892,IM-weighted,2,0,0,False,62.0,07/2017
34,23-2093.00,"Title Examiners, Abstractors, and Searchers",0.7813391918281509,0.2952454813581544,16,14,0.12302839116719243,0.12302839116719243,0.0,2.0,2.0,0.7813391918281509,IM-weighted,2,0,0,False,48.0,07/2017
35,15-1299.01,Web Administrators,0.7758905013192613,0.19408944063287947,35,34,0.027484608619173262,0.027484608619173262,0.0,1.7073630266033608,1.5313135880624011,0.7758905013192613,IM-weighted,1,0,0,False,20.0,08/2018
36,15-1242.00,Database Administrators,0.7735713109354415,0.14694446707362457,18,18,0.0,0.0,0.0,1.6847826086956523,1.3896574440052702,0.7735713109354415,IM-weighted,0,0,0,False,67.0,08/2023
37,43-3071.00,Tellers,0.7721558636819246,0.35308034941146943,28,24,0.15218843969261608,0.15218843969261608,0.0,1.9205911330049261,1.7930049261083745,0.7721558636819246,IM-weighted,4,0,0,False,76.0,08/2018
38,43-2011.00,"Switchboard Operators, Including Answering Service",0.770509738658777,0.3540722377707562,19,16,0.15840729783037477,0.15840729783037477,0.0,1.93452468141204,1.660465797568478,0.770509738658777,IM-weighted,3,0,0,False,76.0,08/2022
39,43-4051.00,Customer Service Representatives,0.7687618595825428,0.19044006569314634,13,13,0.0,0.0,0.0,1.6216318785578747,1.2958254269449714,0.7687618595825428,IM-weighted,0,0,0,False,74.0,08/2022
40,15-1299.06,Digital Forensics Analysts,0.7687499999999999,0.10661701318269988,20,20,0.0,0.0,0.0,1.6500000000000001,1.5,,unweighted,0,20,0,False,,
41,13-2053.00,Insurance Underwriters,0.7621681415929205,0.12440633557088096,7,7,0.0,0.0,0.0,1.5486725663716814,1.5486725663716814,0.7621681415929205,IM-weighted,0,0,0,False,30.0,08/2018
42,41-9041.00,Telemarketers,0.761000385133834,0.2334110945770983,12,12,0.0,0.0,0.0,1.4798767571731177,1.1282495667244365,0.761000385133834,IM-weighted,0,0,0,False,48.0,08/2023
43,43-4161.00,"Human Resources Assistants, Except Payroll and Timekeeping",0.7597987288135595,0.24251458637142606,19,18,0.057203389830508475,0.057203389830508475,0.0,1.7149063670411986,1.5035205992509364,0.7597987288135595,IM-weighted,1,0,0,False,101.0,07/2017
44,15-1299.03,Document Management Specialists,0.7596415607985482,0.21533070241693716,23,22,0.043670598911070786,0.043670598911070786,0.0,1.6635037362115999,1.4723045902028231,0.7596415607985482,IM-weighted,1,0,0,False,20.0,08/2021
45,17-2051.02,Water/Wastewater Engineers,0.7578571428571429,0.1976141709094206,28,27,0.03457142857142857,0.03457142857142857,0.0,1.7978691920686596,1.5677222057808031,0.7578571428571429,IM-weighted,1,0,0,False,23.0,08/2020
46,43-4041.00,"Credit Authorizers, Checkers, and Clerks",0.7553591954022988,0.37426774330659646,16,13,0.17344827586206896,0.17344827586206896,0.0,1.9243846474760118,1.6975385899040465,0.8259770114942532,IM-weighted,3,5,0,False,,
47,15-2099.01,Bioinformatics Technicians,0.753395554909936,0.23816175243532514,19,18,0.051714119697850086,0.051714119697850086,0.0,1.5729166666666667,1.6211703431372548,0.753395554909936,IM-weighted,1,0,0,False,66.0,07/2014
48,15-1243.00,Database Architects,0.7529579547855484,0.1657044764396823,25,25,0.0,0.0,0.0,1.6178956264525668,1.327593492499472,0.7529579547855484,IM-weighted,0,0,0,False,21.0,08/2023
49,13-2011.00,Accountants and Auditors,0.7468569276457347,0.258740076031609,29,27,0.06734264269157735,0.06734264269157735,0.0,1.7433598026036634,1.5556264730737277,0.7163540360690519,IM-weighted,2,4,0,False,,
50,15-1255.00,Web and Digital Interface Designers,0.7458333333333335,0.2690324742892988,30,28,0.06666666666666667,0.06666666666666667,0.0,1.5000000000000002,1.5714285714285714,,unweighted,2,30,0,False,,
51,13-1081.01,Logistics Engineers,0.7454579162031888,0.24117654925402932,30,28,0.06664812754912866,0.06664812754912866,0.0,1.7455556659052538,1.5357036448505315,0.7454579162031888,IM-weighted,2,0,0,False,23.0,08/2025
52,43-4171.00,Receptionists and Information Clerks,0.7445326647165345,0.40841423569916535,18,14,0.22426521799693555,0.22426521799693555,0.0,2.0,1.8391093553600286,0.7445326647165345,IM-weighted,4,0,0,False,91.0,08/2023
53,17-2199.05,Mechatronics Engineers,0.7424882345842885,0.2537283571713643,23,21,0.08929648847592615,0.08929648847592615,0.0,1.9057903802835565,1.6606598648469593,0.7424882345842885,IM-weighted,2,0,0,False,58.0,08/2022
54,15-1299.02,Geographic Information Systems Technologists and Technicians,0.7402516566603805,0.21692454931154417,29,28,0.03418862570721664,0.03418862570721664,0.0,1.6186417298149443,1.547191917020476,0.7535499247365781,IM-weighted,1,3,0,False,,
55,13-1041.08,Customs Brokers,0.7365304671261349,0.3067686606105615,23,20,0.12350946285964334,0.12350946285964334,0.0,1.7885671492760855,1.6562656015976034,0.7365304671261349,IM-weighted,3,0,0,False,20.0,07/2017
56,19-4099.03,Remote Sensing Technicians,0.7359298502915526,0.31894883999516005,21,18,0.14296341955916425,0.0924607307586031,0.05050268880056114,1.8895282028388851,1.8337260153931372,0.7266403808957002,IM-weighted,3,3,0,False,68.0,07/2012
57,15-1251.00,Computer Programmers,0.7339181286549707,0.23448282533344553,17,16,0.06562703053931124,0.06562703053931124,0.0,1.7249652294853963,1.558762169680111,0.7339181286549707,IM-weighted,1,0,0,False,70.0,08/2018
58,15-2041.01,Biostatisticians,0.7327564553400984,0.22245241068002838,25,24,0.03295488797347533,0.03295488797347533,0.0,1.5074285714285716,1.5105454545454544,0.7327564553400984,IM-weighted,1,0,0,False,24.0,08/2021
59,15-1299.05,Information Security Engineers,0.7304560768654856,0.11562595242139075,20,20,0.0,0.0,0.0,1.7488145744946344,1.1482405789867731,0.7304560768654856,IM-weighted,0,0,0,False,19.0,08/2025
60,43-4011.00,Brokerage Clerks,0.7276662484316186,0.39839106973458815,10,8,0.2025094102885822,0.2025094102885822,0.0,1.855254877281309,1.710509754562618,0.7276662484316186,IM-weighted,2,0,0,False,56.0,07/2014
61,43-6014.00,"Secretaries and Administrative Assistants, Except Legal, Medical, and Executive",0.7247565351102,0.36194934742007556,31,26,0.16410387835298137,0.16410387835298137,0.0,1.8163515585079202,1.6594787940725597,0.7247565351102,IM-weighted,5,0,0,False,167.0,08/2019
62,51-9162.00,Computer Numerically Controlled Tool Programmers,0.7243559718969556,0.3414808451221469,16,13,0.1711163153786105,0.1711163153786105,0.0,2.0,1.8408363156903373,0.7243559718969556,IM-weighted,3,0,0,False,70.0,08/2025
63,13-1199.06,Online Merchants,0.7194613896741555,0.2976344269068011,34,31,0.08837970540098197,0.08837970540098197,0.0,1.426391382405745,1.4618899951036397,0.7194613896741555,IM-weighted,3,0,0,False,75.0,07/2014
64,27-3042.00,Technical Writers,0.7191347469220248,0.34280800150013213,15,13,0.12517099863201098,0.12517099863201098,0.0,1.552189210320563,1.695856137607506,0.7191347469220248,IM-weighted,2,0,0,False,89.0,07/2012
65,13-2041.00,Credit Analysts,0.718729022152607,0.2563137093011322,11,10,0.06891922130230477,0.0,0.06891922130230477,1.702956020187455,1.4369142033165105,0.718729022152607,IM-weighted,1,0,0,False,20.0,08/2020
66,17-2112.02,Validation Engineers,0.7161223607852822,0.25497469248280275,21,19,0.09606124212865787,0.09606124212865787,0.0,1.6922551563993988,1.64554022674498,0.7161223607852822,IM-weighted,2,0,0,False,20.0,08/2018
67,43-3011.00,Bill and Account Collectors,0.7151997753530167,0.3208995240535869,15,13,0.12018613607188705,0.12018613607188705,0.0,1.6850264453766188,1.3656757249680833,0.7151997753530167,IM-weighted,2,0,0,False,70.0,08/2018
68,15-1299.07,Blockchain Engineers,0.713235294117647,0.22181034013232875,17,16,0.058823529411764705,0.058823529411764705,0.0,1.75,1.3125,,unweighted,1,17,0,False,,
69,13-1161.01,Search Marketing Strategists,0.7122768209827777,0.14409724973723717,36,36,0.0,0.0,0.0,1.4464370358666454,1.1650339706114707,0.7122768209827777,IM-weighted,0,0,0,False,23.0,08/2021
70,15-1299.04,Penetration Testers,0.7102272727272727,0.20080223917127604,22,21,0.045454545454545456,0.045454545454545456,0.0,1.5238095238095237,1.4285714285714286,,unweighted,1,22,0,False,,
71,43-4071.00,File Clerks,0.7093285562632697,0.4315214348542607,19,14,0.255307855626327,0.255307855626327,0.0,1.9214183891660728,1.9214183891660728,0.7093285562632697,IM-weighted,5,0,0,False,62.0,08/2025
72,43-4181.00,Reservation and Transportation Ticket Agents and Travel Clerks,0.7074994409660108,0.4177287395733257,21,16,0.24966457960644006,0.24966457960644006,0.0,1.9521680822530174,1.8809417374459843,0.7074994409660108,IM-weighted,5,0,0,False,65.0,07/2013
73,17-2141.02,Automotive Engineers,0.7071803048319099,0.2273678950195166,25,24,0.04594097935358339,0.04594097935358339,0.0,1.6336958984817587,1.3746884205755725,0.7071803048319099,IM-weighted,1,0,0,False,21.0,08/2022
74,19-1029.01,Bioinformatics Scientists,0.7069677920610256,0.17819468658772003,20,20,0.0,0.0,0.0,1.464472383104958,1.24664500635683,0.7069677920610256,IM-weighted,0,0,0,False,81.0,07/2012
75,13-1041.07,Regulatory Affairs Specialists,0.7018184609985083,0.22463236368588954,30,28,0.061244187066771955,0.061244187066771955,0.0,1.538087671745023,1.402934853724647,0.7018184609985083,IM-weighted,2,0,0,False,20.0,08/2019
76,43-6012.00,Legal Secretaries and Administrative Assistants,0.7013226561094114,0.3842447301950539,14,11,0.2107252114450243,0.2107252114450243,0.0,1.8244414044687642,1.8253533971728226,0.7013226561094114,IM-weighted,3,0,0,False,57.0,08/2024
77,17-2199.11,Solar Energy Systems Engineers,0.7003947908121412,0.3120695936835605,13,11,0.15032813781788354,0.15032813781788354,0.0,1.8073859522085445,1.7011827178373158,0.7003947908121412,IM-weighted,2,0,0,False,28.0,08/2023
78,13-2099.01,Financial Quantitative Analysts,0.6999638728323699,0.21247024306042772,21,20,0.048699421965317916,0.048699421965317916,0.0,1.5134437186692997,1.3291812243657906,0.6999638728323699,IM-weighted,1,0,0,False,20.0,08/2023
79,17-3013.00,Mechanical Drafters,0.6993884707492303,0.3131711919720131,15,13,0.11631885049606568,0.11631885049606568,0.0,1.698993418505614,1.623499806426636,0.6993884707492303,IM-weighted,2,0,0,False,81.0,07/2017
80,13-1199.05,Sustainability Specialists,0.6973034649776452,0.1795133825611487,14,14,0.0,0.0,0.0,1.2123695976154991,1.2138599105812218,0.6973034649776452,IM-weighted,0,0,0,False,23.0,08/2020
81,17-2199.06,Microsystems Engineers,0.6968001932984954,0.3157136614529205,31,26,0.1590302736312923,0.1590302736312923,0.0,1.8502117172034978,1.7435883990333987,0.6640322396901345,IM-weighted,5,6,0,False,58.0,07/2016
82,13-2054.00,Financial Risk Specialists,0.6958333333333334,0.12781551375148303,30,30,0.0,0.0,0.0,1.3333333333333335,1.166666666666667,,unweighted,0,30,0,False,,
83,19-2041.03,Industrial Ecologists,0.6948607527697681,0.21703911478624022,38,35,0.06343906510851421,0.06343906510851421,0.0,1.4178415167719978,1.4941662615459406,0.6948607527697681,IM-weighted,3,0,0,False,23.0,08/2021
84,15-2031.00,Operations Research Analysts,0.694012634866553,0.15646017171011392,17,17,0.0,0.0,0.0,1.335604770017036,1.216496308915389,0.694012634866553,IM-weighted,0,0,0,False,21.0,08/2024
85,13-2081.00,"Tax Examiners and Collectors, and Revenue Agents",0.6935643284762228,0.3172842377784206,21,18,0.1323845024285553,0.1323845024285553,0.0,1.6729592500976436,1.5473245671136568,0.6935643284762228,IM-weighted,3,0,0,False,61.0,08/2022
86,15-1299.08,Computer Systems Engineers/Architects,0.6933302910942453,0.23207552215475186,28,26,0.07724084926505906,0.07724084926505906,0.0,1.6213430504945339,1.3895887558563247,0.6933302910942453,IM-weighted,2,0,0,False,22.0,08/2024
87,17-3031.00,Surveying and Mapping Technicians,0.6929491510156287,0.3635248630611976,30,24,0.1998243480610729,0.1998243480610729,0.0,1.879310830054654,1.7966937403961432,0.7783407647615187,IM-weighted,6,11,0,False,,
88,19-3022.00,Survey Researchers,0.6893313298271975,0.23316897791970925,16,15,0.0483846731780616,0.0483846731780616,0.0,1.405495026054003,1.1904310753197538,0.6893313298271975,IM-weighted,1,0,0,False,26.0,08/2025
89,17-2112.00,Industrial Engineers,0.6885518314241269,0.2755282581976811,20,18,0.10422853910338,0.10422853910338,0.0,1.6638774865803596,1.3781180928323336,0.6885518314241269,IM-weighted,2,0,0,False,84.0,08/2020
90,43-2021.00,Telephone Operators,0.6869443960257975,0.35040462809789386,14,12,0.14903259543315325,0.14903259543315325,0.0,1.761368291683736,1.4369111020073742,0.6869443960257975,IM-weighted,2,0,0,False,56.0,08/2024
91,43-5071.00,"Shipping, Receiving, and Inventory Clerks",0.6782359081419624,0.4329209158587078,11,8,0.2767339364416609,0.2767339364416609,0.0,1.8733162283515072,1.8733162283515072,0.6782359081419624,IM-weighted,3,0,0,False,78.0,08/2019
92,17-3011.00,Architectural and Civil Drafters,0.6773511073959322,0.36206721790741414,28,22,0.20356836099266848,0.20356836099266848,0.0,1.9082824995305796,1.7678704688906755,0.6936332402834443,IM-weighted,6,3,0,False,,
93,19-2021.00,Atmospheric and Space Scientists,0.676387385614484,0.2948607721027095,27,23,0.13765620387680805,0.13765620387680805,0.0,1.6688726608854405,1.6060018256503883,0.676387385614484,IM-weighted,4,0,0,False,20.0,08/2024
94,13-2072.00,Loan Officers,0.671210668633235,0.3200239618367669,30,27,0.1044739429695182,0.1044739429695182,0.0,1.5382706560527035,1.2759099643151246,0.588901179941003,IM-weighted,3,13,0,False,63.0,08/2020
95,13-1161.00,Market Research Analysts and Marketing Specialists,0.6707264132741655,0.21995587846816822,13,12,0.0704225352112676,0.0704225352112676,0.0,1.4171855541718554,1.3551266085512657,0.6707264132741655,IM-weighted,1,0,0,False,23.0,08/2018
96,17-2011.00,Aerospace Engineers,0.6694595410628018,0.255486359744803,16,15,0.07045088566827697,0.07045088566827697,0.0,1.6064584235599826,1.1653583802511909,0.6400966183574879,IM-weighted,1,2,0,False,72.0,07/2015
97,13-2031.00,Budget Analysts,0.6679914695618459,0.2609785592345094,13,12,0.07386583947266384,0.07386583947266384,0.0,1.429348963784802,1.2677412602051494,0.6679914695618459,IM-weighted,1,0,0,False,55.0,08/2024
98,19-2099.01,Remote Sensing Scientists and Technologists,0.6649455349439172,0.31125217608158967,24,20,0.15552200172562555,0.15552200172562555,0.0,1.6727969348659,1.6195402298850572,0.6649455349439172,IM-weighted,4,0,0,False,25.0,08/2023
99,11-9121.02,Water Resource Specialists,0.6641877207280631,0.2983873145468341,21,18,0.1270035316490084,0.1270035316490084,0.0,1.546600280068461,1.600746849229812,0.6641877207280631,IM-weighted,3,0,0,False,22.0,08/2020
100,29-9021.00,Health Information Technologists and Medical Registrars,0.6640625,0.32391269440043563,16,14,0.125,0.125,0.0,1.5714285714285714,1.4285714285714286,,unweighted,2,16,0,False,,
101,11-9199.01,Regulatory Affairs Managers,0.6624604922900107,0.12593207325890737,27,27,0.0,0.0,0.0,1.3264055167129585,1.0093860741308303,0.6624604922900107,IM-weighted,0,0,0,False,23.0,08/2024
102,15-1241.00,Computer Network Architects,0.6623073035127622,0.2961907733526752,33,28,0.13815179850054754,0.13815179850054754,0.0,1.6533085719870981,1.4516665037630732,0.6623073035127622,IM-weighted,5,0,0,False,20.0,08/2024
103,17-2199.03,"Energy Engineers, Except Wind and Solar",0.6620979065611438,0.3171201703436945,21,18,0.14488128669900432,0.14488128669900432,0.0,1.6078519181967457,1.480370204508135,0.6620979065611438,IM-weighted,3,0,0,False,22.0,07/2016
104,17-2112.03,Manufacturing Engineers,0.660453671229777,0.2990122765529874,24,20,0.15714447335671455,0.15714447335671455,0.0,1.8433557046979872,1.3734228187919464,0.660453671229777,IM-weighted,4,0,0,False,26.0,07/2017
105,17-2041.00,Chemical Engineers,0.6593438781487989,0.34419734347286096,14,11,0.2069908221050576,0.2069908221050576,0.0,1.9118443733070674,1.7397192809652797,0.6593438781487989,IM-weighted,3,0,0,False,23.0,08/2025
106,19-4061.00,Social Science Research Assistants,0.6588975694444446,0.36999364583335126,22,17,0.2214120370370371,0.2214120370370371,0.0,1.8250334473019176,1.6564590456369854,0.6588975694444446,IM-weighted,5,0,0,False,71.0,08/2019
107,41-3031.00,"Securities, Commodities, and Financial Services Sales Agents",0.656705890448665,0.2889566449508794,30,27,0.0948802642444261,0.0948802642444261,0.0,1.5230429772898526,1.0238083170297387,0.6663914120561518,IM-weighted,3,4,0,False,267.0,08/2022
108,11-3071.04,Supply Chain Managers,0.6564596159147292,0.2674298686237283,30,27,0.09932922907286591,0.09932922907286591,0.0,1.6343603346255864,1.1522138339114467,0.6564596159147292,IM-weighted,3,0,0,False,21.0,07/2017
109,11-9199.02,Compliance Managers,0.6539527675921076,0.21861473236940365,29,28,0.035708049589663,0.035708049589663,0.0,1.282571299230421,1.0656405613399729,0.6539527675921076,IM-weighted,1,0,0,False,77.0,08/2019
110,15-1211.00,Computer Systems Analysts,0.6519448419409392,0.24282260406199369,22,20,0.08481852478209964,0.08481852478209964,0.0,1.5637526652452025,1.183368869936034,0.6519448419409392,IM-weighted,2,0,0,False,65.0,08/2023
111,17-2071.00,Electrical Engineers,0.6517376330619914,0.2963613115239969,22,19,0.13587977457733252,0.13587977457733252,0.0,1.6763768115942028,1.4657971014492752,0.6517376330619914,IM-weighted,3,0,0,False,56.0,08/2023
112,25-4011.00,Archivists,0.6500364497904138,0.18564655228339547,13,13,0.0,0.0,0.0,1.1866229269181705,1.08529250956807,0.6500364497904138,IM-weighted,0,0,0,False,31.0,08/2024
113,15-1231.00,Computer Network Support Specialists,0.6499037779803505,0.3680139343950876,26,20,0.22860326142003443,0.22860326142003443,0.0,1.9097951680672272,1.5908613445378152,0.6499037779803505,IM-weighted,6,0,0,False,118.0,07/2014
114,43-4061.00,"Eligibility Interviewers, Government Programs",0.648447335291649,0.3457696031567284,17,14,0.17694782487061123,0.17694782487061123,0.0,1.717029231815092,1.367946974847043,0.648447335291649,IM-weighted,3,0,0,False,82.0,08/2023
115,17-2061.00,Computer Hardware Engineers,0.6467316249808193,0.31690646002522915,18,15,0.1658738683443302,0.1658738683443302,0.0,1.5654893303899924,1.56990434142752,0.6467316249808193,IM-weighted,3,0,0,False,29.0,08/2021
116,11-9199.10,Wind Energy Development Managers,0.6441497939437376,0.23478861272769241,15,14,0.07238846084931015,0.07238846084931015,0.0,1.5058914429206103,1.193741549159745,0.6441497939437376,IM-weighted,1,0,0,False,53.0,07/2016
117,15-1212.00,Information Security Analysts,0.6435871518418688,0.2700670082506136,11,10,0.08557951482479785,0.08557951482479785,0.0,1.517071972488332,1.113485630066323,0.6435871518418688,IM-weighted,1,0,0,False,72.0,08/2018
118,17-2199.07,Photonics Engineers,0.6416627960984672,0.32995264174105826,26,21,0.17614955875522526,0.17614955875522526,0.0,1.7097956307258628,1.5663143058491893,0.6416627960984672,IM-weighted,5,0,0,False,23.0,08/2018
119,13-1199.04,Business Continuity Planners,0.6398938665415738,0.1662474227659271,21,21,0.0,0.0,0.0,1.1104726163949807,1.0473789140377625,0.6398938665415738,IM-weighted,0,0,0,False,23.0,08/2025
120,15-1252.00,Software Developers,0.6361967997360606,0.2838203059221866,17,15,0.11976245463543383,0.11976245463543383,0.0,1.4906296851574217,1.291416791604198,0.6361967997360606,IM-weighted,2,0,0,False,72.0,08/2025
121,43-9061.00,"Office Clerks, General",0.6332410337552742,0.4441622684337304,20,14,0.2939082278481012,0.2939082278481012,0.0,1.7671335200746967,1.700280112044818,0.6332410337552742,IM-weighted,6,0,0,False,233.0,08/2018
122,11-3061.00,Purchasing Managers,0.6330042506513094,0.2463443479316737,18,17,0.05635540929658578,0.05635540929658578,0.0,1.325341470502761,1.041993606509736,0.6330042506513094,IM-weighted,1,0,0,False,19.0,08/2023
123,19-4044.00,Hydrologic Technicians,0.6328125,0.3201218945085606,16,13,0.1875,0.1875,0.0,1.8461538461538463,1.5384615384615385,,unweighted,3,16,0,False,,
124,19-3099.01,Transportation Planners,0.6324078463908972,0.2514785623047625,22,20,0.08901268223302121,0.08901268223302121,0.0,1.373926619828259,1.2343221441582095,0.6324078463908972,IM-weighted,2,0,0,False,20.0,08/2023
125,43-4141.00,New Accounts Clerks,0.6295313520574788,0.407288723561513,15,11,0.2581645983017635,0.2581645983017635,0.0,1.8102575390710982,1.5232225401716928,0.6295313520574788,IM-weighted,4,0,0,False,54.0,08/2020
126,17-2072.01,Radio Frequency Identification Device Specialists,0.6294264575692424,0.33081176891955016,21,17,0.19160237764006574,0.19160237764006574,0.0,1.7035356695869837,1.5253441802252816,0.6294264575692424,IM-weighted,4,0,0,False,75.0,07/2015
127,17-2072.00,"Electronics Engineers, Except Computer",0.6291928721174004,0.2963164467168429,20,17,0.13971248876909254,0.13971248876909254,0.0,1.569016536118364,1.3481288076588336,0.6291928721174004,IM-weighted,3,0,0,False,50.0,08/2022
128,17-1022.01,Geodetic Surveyors,0.6277182120205377,0.3629613618470199,16,13,0.1884627000906071,0.1884627000906071,0.0,1.6306289542240417,1.5519166356531449,0.6277182120205377,IM-weighted,3,0,0,False,27.0,08/2022
129,15-1211.01,Health Informatics Specialists,0.6253139775413711,0.15564271242150673,17,16,0.04063238770685579,0.04063238770685579,0.0,1.2715231788079469,0.9428615432003695,0.6253139775413711,IM-weighted,1,0,0,False,21.0,08/2024
130,17-3025.00,Environmental Engineering Technologists and Technicians,0.6247265055219838,0.3993715965453897,26,19,0.2812044175869973,0.2812044175869973,0.0,1.948398318596898,1.890708798376576,0.6247265055219838,IM-weighted,7,0,0,False,82.0,07/2014
131,19-2041.02,Environmental Restoration Planners,0.624524555319387,0.2783330550943027,23,20,0.14028414811500167,0.14028414811500167,0.0,1.4844502277163305,1.3825634352635003,0.624524555319387,IM-weighted,3,0,0,False,22.0,08/2021
132,43-6011.00,Executive Secretaries and Executive Administrative Assistants,0.6244847485572961,0.3246308922490932,22,19,0.13755741373218702,0.13755741373218702,0.0,1.4492694250990033,1.1155264235968865,0.6244847485572961,IM-weighted,3,0,0,False,141.0,07/2017
133,17-2031.00,Bioengineers and Biomedical Engineers,0.623748808388942,0.27778174544760587,30,27,0.10772163965681603,0.10772163965681603,0.0,1.3708333333333336,1.2595085470085472,0.623748808388942,IM-weighted,3,0,0,False,23.0,08/2024
134,41-4011.07,Solar Sales Representatives and Assessors,0.6236657178438,0.3095421732708446,13,11,0.14107809998220958,0.14107809998220958,0.0,1.5476387738193869,1.1719138359569181,0.6236657178438,IM-weighted,2,0,0,False,59.0,08/2024
135,17-3012.00,Electrical and Electronics Drafters,0.6230761918931429,0.3684121627824384,30,23,0.22374198241089727,0.22374198241089727,0.0,1.7877139705349954,1.6193571194316552,0.627492065066455,IM-weighted,7,3,0,False,203.0,08/2022
136,19-3092.00,Geographers,0.6225780409041983,0.33721186415396814,12,10,0.15651237890204525,0.15651237890204525,0.0,1.5040837161817255,1.4068402246043903,0.6225780409041983,IM-weighted,2,0,0,False,20.0,08/2023
137,43-5031.00,Public Safety Telecommunicators,0.6214690125410934,0.3724763046311968,18,14,0.22306100085230735,0.22306100085230735,0.0,1.8531578122551324,1.3386616517787178,0.6214690125410934,IM-weighted,4,0,0,False,76.0,08/2023
138,15-1241.01,Telecommunications Engineering Specialists,0.6206103263032232,0.3650792682825722,26,20,0.23169518503780342,0.23169518503780342,0.0,1.8380163149035351,1.5269972808494108,0.6206103263032232,IM-weighted,6,0,0,False,21.0,08/2020
139,15-2021.00,Mathematicians,0.6164859833552343,0.3105464404533723,12,11,0.0900131406044678,0.0,0.0900131406044678,1.2060168471720818,1.323465703971119,0.6164859833552343,IM-weighted,1,0,0,False,20.0,08/2025
140,17-2199.08,Robotics Engineers,0.6140680592218524,0.37207715247774414,24,18,0.25720188224492135,0.25720188224492135,0.0,1.94221260815822,1.6110939431396787,0.6140680592218524,IM-weighted,6,0,0,False,30.0,08/2018
141,15-1244.00,Network and Computer Systems Administrators,0.6120888733379987,0.31225330608499885,20,17,0.15437368789363196,0.15437368789363196,0.0,1.690003310162198,1.1171797418073486,0.6120888733379987,IM-weighted,3,0,0,False,123.0,07/2017
142,13-1051.00,Cost Estimators,0.6113623776998339,0.39736809407403745,14,10,0.2865054458187189,0.2865054458187189,0.0,1.8895213454075033,1.7873221216041397,0.6113623776998339,IM-weighted,4,0,0,False,22.0,08/2023
143,41-3091.00,"Sales Representatives of Services, Except Advertising, Insurance, Financial Services, and Travel",0.6083333333333334,0.36190084584347443,15,12,0.2,0.2,0.0,1.5,1.25,,unweighted,3,15,0,False,,
144,13-1071.00,Human Resources Specialists,0.6081103441754918,0.30604122916277304,26,23,0.11526096822995462,0.11526096822995462,0.0,1.3594100673292724,1.0553596238110505,0.6081103441754918,IM-weighted,3,0,0,False,125.0,08/2019
145,19-2041.01,Climate Change Policy Analysts,0.6078880740352715,0.1612023918863997,14,14,0.0,0.0,0.0,0.9291077352889819,1.005412956172516,0.6078880740352715,IM-weighted,0,0,0,False,23.0,08/2021
146,19-2041.00,"Environmental Scientists and Specialists, Including Health",0.6077472672198078,0.23832439514104736,22,20,0.09258527591202424,0.09258527591202424,0.0,1.2593613933236576,1.1538461538461537,0.6077472672198078,IM-weighted,2,0,0,False,93.0,08/2023
147,13-1082.00,Project Management Specialists,0.6062500000000001,0.2746446567839979,20,18,0.1,0.1,0.0,1.2222222222222223,1.0,,unweighted,2,20,0,False,,
148,27-1014.00,Special Effects Artists and Animators,0.6035602910602911,0.22724893848997785,13,12,0.0577962577962578,0.0577962577962578,0.0,0.8852603706972639,1.3261253309797,0.6035602910602911,IM-weighted,1,0,0,False,63.0,08/2019
149,43-4111.00,"Interviewers, Except Eligibility and Loan",0.6032625423207142,0.4055876243645426,16,11,0.29270544783010166,0.29270544783010166,0.0,1.9038294168842473,1.4597476066144472,0.6032625423207142,IM-weighted,5,0,0,False,55.0,08/2021
150,29-2036.00,Medical Dosimetrists,0.6031557998483699,0.34834767541820627,19,14,0.23199393479909022,0.23199393479909022,0.0,1.891247120763409,1.3206646923330043,0.6031557998483699,IM-weighted,5,0,0,False,20.0,08/2024
151,13-2071.00,Credit Counselors,0.6001507537688443,0.28176574857902115,23,21,0.08934673366834173,0.08934673366834173,0.0,1.1993157488135968,0.8701026376779605,0.6001507537688443,IM-weighted,2,0,0,False,25.0,08/2020
152,19-2012.00,Physicists,0.5975462845549074,0.34158088458064734,10,8,0.19731169160537662,0.19731169160537662,0.0,1.5216429699842022,1.409478672985782,0.5975462845549074,IM-weighted,2,0,0,False,59.0,08/2020
153,15-2011.00,Actuaries,0.5974361382419233,0.325256719184583,15,12,0.169045830202855,0.169045830202855,0.0,1.4651898734177216,1.2866184448462927,0.5974361382419233,IM-weighted,3,0,0,False,28.0,08/2023
154,13-1081.00,Logisticians,0.5968305651810252,0.27261694206592757,22,20,0.10108734615844187,0.10108734615844187,0.0,1.3925295759670344,0.9275554964774693,0.5968305651810252,IM-weighted,2,0,0,False,24.0,07/2016
155,17-2051.01,Transportation Engineers,0.5962679903351191,0.351474472168698,26,20,0.22376300031515917,0.22376300031515917,0.0,1.649478955203681,1.440249018811747,0.5962679903351191,IM-weighted,6,0,0,False,22.0,08/2023
156,19-3011.01,Environmental Economists,0.5948769918926474,0.13689668859464063,20,20,0.0,0.0,0.0,0.7984344422700587,0.9605814928711209,0.5948769918926474,IM-weighted,0,0,0,False,27.0,08/2020
157,13-2023.00,Appraisers and Assessors of Real Estate,0.5937188434695913,0.3634764175607034,28,21,0.23928215353938181,0.23928215353938181,0.0,1.7115453353985466,1.4367925652329325,0.5937188434695913,IM-weighted,7,0,0,False,24.0,08/2025
158,11-9199.09,Wind Energy Operations Managers,0.59344107955437,0.34362502212915325,16,13,0.19880746900988547,0.19880746900988547,0.0,1.6901684292988641,1.0816686251468859,0.59344107955437,IM-weighted,3,0,0,False,62.0,08/2021
159,13-1141.00,"Compensation, Benefits, and Job Analysis Specialists",0.5925172094254698,0.27248201215920215,22,19,0.13608684140852526,0.13608684140852526,0.0,1.2794973950352435,1.207324547961998,0.5925172094254698,IM-weighted,3,0,0,False,21.0,08/2024
160,15-1299.09,Information Technology Project Managers,0.59228217472992,0.23109747732725805,21,20,0.04356505401596993,0.04356505401596993,0.0,1.1527317372621242,0.8540208717004298,0.59228217472992,IM-weighted,1,0,0,False,21.0,08/2019
161,17-2199.09,Nanosystems Engineers,0.5916488794023479,0.3303845014688968,25,20,0.2021819044230997,0.2021819044230997,0.0,1.5829369797859691,1.493757431629013,0.5916488794023479,IM-weighted,5,0,0,False,21.0,08/2023
162,11-9041.01,Biofuels/Biodiesel Technology and Product Development Managers,0.5904038822792738,0.35237070753195204,18,14,0.21743894802755165,0.21743894802755165,0.0,1.5493098619723948,1.5579115823164633,0.5904038822792738,IM-weighted,4,0,0,False,100.0,07/2014
163,13-2022.00,Appraisers of Personal and Business Property,0.5828368090036411,0.37846166283691834,14,10,0.2828533598146309,0.2828533598146309,0.0,1.6995153473344102,1.7015924301869374,0.5828368090036411,IM-weighted,4,0,0,False,23.0,08/2025
164,23-2011.00,Paralegals and Legal Assistants,0.5826985226223453,0.30175961501125637,12,10,0.15974145891043398,0.15974145891043398,0.0,1.5164835164835164,1.129120879120879,0.5826985226223453,IM-weighted,2,0,0,False,67.0,08/2024
165,27-1024.00,Graphic Designers,0.5798962386511026,0.2438285387097954,19,17,0.09234760051880675,0.09234760051880675,0.0,0.6374678479565591,1.4151186053158047,0.5798962386511026,IM-weighted,2,0,0,False,20.0,08/2023
166,13-1023.00,"Purchasing Agents, Except Wholesale, Retail, and Farm Products",0.5767888307155323,0.3441642416282686,19,14,0.24620754463686403,0.24620754463686403,0.0,1.7045414069456812,1.3503116651825466,0.5767888307155323,IM-weighted,5,0,0,False,20.0,08/2025
167,13-1031.00,"Claims Adjusters, Examiners, and Investigators",0.5761970148628972,0.32897763453137846,29,24,0.17437219134298282,0.17437219134298282,0.0,1.4026479609758924,1.0380064967751514,0.5818412381860747,IM-weighted,5,2,0,False,125.0,08/2022
168,17-3027.00,Mechanical Engineering Technologists and Technicians,0.5743006672532628,0.3918773689736077,30,21,0.3054186830913624,0.2714840885760375,0.03393459451532482,1.856587878851858,1.763129836266323,0.6290007699076113,IM-weighted,9,4,0,False,95.0,08/2022
169,13-1041.00,Compliance Officers,0.5729558951332561,0.35604968399436837,16,12,0.2478273464658169,0.2478273464658169,0.0,1.4240323512420563,1.5013479684190254,0.5451911935110081,IM-weighted,4,4,0,False,,
170,19-2042.00,"Geoscientists, Except Hydrologists and Geographers",0.5719651312957382,0.3419425554460614,32,25,0.23039173482565645,0.23039173482565645,0.0,1.4131334601185814,1.6081217138382369,0.5719651312957382,IM-weighted,7,0,0,False,32.0,08/2020
171,19-1041.00,Epidemiologists,0.5696115084525358,0.2306278962149831,16,14,0.09850455136540964,0.09850455136540964,0.0,1.155787955283087,0.9679047962495492,0.5696115084525358,IM-weighted,2,0,0,False,19.0,08/2023
172,13-2061.00,Financial Examiners,0.5684666766736716,0.2898898749750711,17,14,0.17712398679075353,0.17712398679075353,0.0,1.4376140094855896,1.1588836191171106,0.5684666766736716,IM-weighted,3,0,0,False,23.0,08/2020
173,17-3026.00,Industrial Engineering Technologists and Technicians,0.5658974889624726,0.39030421584939295,30,21,0.30151766004415026,0.30151766004415026,0.0,1.8128629557934661,1.4778572275115553,0.5859892384105959,IM-weighted,9,23,0,False,78.0,07/2014
174,19-4099.01,Quality Control Analysts,0.5656474820143885,0.3791850608652034,26,19,0.2884692246203038,0.2884692246203038,0.0,1.6982165426204188,1.551607920235922,0.5656474820143885,IM-weighted,7,0,0,False,55.0,08/2020
175,11-3031.00,Financial Managers,0.5644019282916541,0.3153062581123922,17,14,0.18363965049713768,0.18363965049713768,0.0,1.342498615980808,1.1217936888724855,0.5644019282916541,IM-weighted,3,0,0,False,61.0,08/2022
176,17-2141.01,Fuel Cell Engineers,0.5643975583864118,0.365572465905781,26,20,0.24341825902335457,0.24341825902335457,0.0,1.592675740143118,1.4363687385996913,0.5643975583864118,IM-weighted,6,0,0,False,22.0,08/2022
177,11-3071.00,"Transportation, Storage, and Distribution Managers",0.5632614462566319,0.3547021641688721,30,23,0.2393135521058492,0.2393135521058492,0.0,1.5974736080734322,1.247946337851103,0.5681862841422676,IM-weighted,7,4,0,False,,
178,27-3091.00,Interpreters and Translators,0.56192934400899,0.36349406579779486,17,13,0.21842955471274056,0.16926534625649672,0.049164208456243856,1.3707764198418406,1.223040977713875,0.56192934400899,IM-weighted,4,0,0,False,62.0,08/2021
179,11-1011.03,Chief Sustainability Officers,0.5615296466065355,0.21462724196871916,18,17,0.062398343930208475,0.062398343930208475,0.0,0.870052042264627,0.8604321085002365,0.5615296466065355,IM-weighted,1,0,0,False,27.0,08/2021
180,51-8012.00,Power Distributors and Dispatchers,0.5610567671584349,0.36227670256499245,14,10,0.2838357921744708,0.2838357921744708,0.0,2.0,1.1802507836990597,0.5610567671584349,IM-weighted,4,0,0,False,57.0,08/2024
181,17-2141.00,Mechanical Engineers,0.5605053860867817,0.3563160688777391,28,21,0.253397765025672,0.253397765025672,0.0,1.7638888888888886,1.4312297734627832,0.5605053860867817,IM-weighted,7,0,0,False,85.0,08/2024
182,11-3051.01,Quality Control Systems Managers,0.5593174045221359,0.3173763948936228,27,21,0.21917157514725444,0.21917157514725444,0.0,1.5410633897067771,1.1947925538386666,0.5593174045221359,IM-weighted,6,0,0,False,59.0,08/2022
183,29-1229.05,Preventive Medicine Physicians,0.5564026889654041,0.24603470302704386,15,13,0.12739793408755531,0.12739793408755531,0.0,1.325629462608042,0.7754603532506575,0.5564026889654041,IM-weighted,2,0,0,False,19.0,08/2023
184,23-1012.00,Judicial Law Clerks,0.5530332154390282,0.3475990881300022,18,13,0.25065354451791483,0.25065354451791483,0.0,1.5813667145495587,1.1762774471578084,0.5530332154390282,IM-weighted,5,0,0,False,49.0,08/2021
185,21-1091.00,Health Education Specialists,0.5529515310299655,0.2737001444292942,16,14,0.13001473718683476,0.13001473718683476,0.0,1.1511387163561075,1.005081874647092,0.5529515310299655,IM-weighted,2,0,0,False,61.0,08/2019
186,41-4011.00,"Sales Representatives, Wholesale and Manufacturing, Technical and Scientific Products",0.5514148661722026,0.3714484533427253,33,25,0.24556594646888102,0.24556594646888102,0.0,1.407245137849968,1.199401581534516,0.5514148661722026,IM-weighted,8,0,0,False,88.0,07/2014
187,17-1011.00,"Architects, Except Landscape and Naval",0.5502873563218391,0.33057049716237946,24,19,0.22151545586430088,0.22151545586430088,0.0,1.3922018348623855,1.3248279816513764,0.5502873563218391,IM-weighted,5,0,0,False,21.0,08/2021
188,19-3011.00,Economists,0.5501079609463013,0.24899556499286568,14,12,0.1336838152459632,0.1336838152459632,0.0,1.0156046814044213,1.1332899869960988,0.5501079609463013,IM-weighted,2,0,0,False,24.0,08/2024
189,17-2081.00,Environmental Engineers,0.5499196510560147,0.2940921275628785,29,24,0.16317722681359043,0.16317722681359043,0.0,1.1741468232195764,1.083068144409086,0.5499196510560147,IM-weighted,5,0,0,False,21.0,08/2024
190,11-3031.03,Investment Fund Managers,0.5488324684951817,0.26097398559021273,20,17,0.14146281195947616,0.14146281195947616,0.0,1.1286516045474169,0.9854655346092962,0.5488324684951817,IM-weighted,3,0,0,False,81.0,07/2014
191,13-2051.00,Financial and Investment Analysts,0.548076923076923,0.28814084738022494,26,22,0.15384615384615385,0.15384615384615385,0.0,1.1363636363636365,1.0454545454545454,,unweighted,4,26,0,False,,
192,11-3111.00,Compensation and Benefits Managers,0.5466862170087976,0.26287523341645086,22,19,0.12187683284457476,0.12187683284457476,0.0,1.129575207053166,0.8041677798557307,0.5466862170087976,IM-weighted,3,0,0,False,21.0,08/2023
193,11-3051.00,Industrial Production Managers,0.5464550704825304,0.31221426965396565,21,17,0.19027806670827266,0.19027806670827266,0.0,1.2951956838228997,1.1695885684923966,0.5269658830871645,IM-weighted,4,8,0,False,116.0,08/2021
194,53-6041.00,Traffic Technicians,0.5442642677057072,0.4222678391285072,23,15,0.34265413706165476,0.34265413706165476,0.0,1.7472105997210603,1.4773361227336124,0.5442642677057072,IM-weighted,8,0,0,False,82.0,07/2016
195,11-9121.01,Clinical Research Coordinators,0.5429747614650661,0.3119973452914224,33,27,0.18513388734995384,0.18513388734995384,0.0,1.2390934844192634,1.0474976392823419,0.5429747614650661,IM-weighted,6,0,0,False,53.0,08/2021
196,19-1029.03,Geneticists,0.542766455061811,0.2932948156686801,24,20,0.17418420759550063,0.17418420759550063,0.0,1.322993931220499,1.1325691166554281,0.542766455061811,IM-weighted,4,0,0,False,25.0,08/2021
197,13-1151.00,Training and Development Specialists,0.5409695201037611,0.2964362206666317,20,17,0.16277561608300903,0.16277561608300903,0.0,0.9612703330751355,1.0858249419054997,0.5409695201037611,IM-weighted,3,0,0,False,23.0,08/2022
198,23-1021.00,"Administrative Law Judges, Adjudicators, and Hearing Officers",0.5394715043074884,0.3126786206807324,14,11,0.21885354539430088,0.21885354539430088,0.0,1.4335100742311775,1.004029692470838,0.5394715043074884,IM-weighted,3,0,0,False,77.0,08/2020
199,47-4011.01,Energy Auditors,0.5378737840758976,0.4407790820274981,21,13,0.3852527921220128,0.3852527921220128,0.0,1.826723969525298,1.6706387966399685,0.5378737840758976,IM-weighted,8,0,0,False,29.0,08/2022
200,11-9199.11,Brownfield Redevelopment Specialists and Site Managers,0.5377041306436121,0.3513289838206736,23,17,0.26524975984630167,0.26524975984630167,0.0,1.5844092171923516,1.394345481287792,0.5377041306436121,IM-weighted,6,0,0,False,22.0,08/2021
201,47-1011.03,Solar Energy Installation Managers,0.5354310344827587,0.39325540582333346,15,10,0.3341379310344828,0.3341379310344828,0.0,1.7068876229932675,1.6235111341273951,0.5354310344827587,IM-weighted,5,0,0,False,55.0,08/2024
202,41-3011.00,Advertising Sales Agents,0.5314640153790701,0.28384286341723075,20,17,0.13901237534542835,0.13901237534542835,0.0,0.9503209600893104,0.8678481719229694,0.5314640153790701,IM-weighted,3,0,0,False,87.0,08/2018
203,17-2112.01,Human Factors Engineers and Ergonomists,0.5309954967902655,0.3068413594834583,26,21,0.205423014276133,0.205423014276133,0.0,1.1537441215482938,1.1924514650910407,0.5309954967902655,IM-weighted,5,0,0,False,20.0,08/2024
204,13-1111.00,Management Analysts,0.5295098941555453,0.28955255565059335,11,9,0.19742291762540262,0.19742291762540262,0.0,1.128440366972477,1.0212155963302751,0.5295098941555453,IM-weighted,2,0,0,False,21.0,08/2022
205,25-4031.00,Library Technicians,0.5293109509579891,0.4449601369264887,31,20,0.3558621901915978,0.3558621901915978,0.0,1.6006276436075861,1.5824805566925912,0.5293109509579891,IM-weighted,11,0,0,False,100.0,07/2017
206,43-5011.00,Cargo and Freight Agents,0.528704676826064,0.4622964931420106,24,13,0.4189437729900158,0.4189437729900158,0.0,1.9215464616775944,1.6742030296179065,0.528704676826064,IM-weighted,11,0,0,False,52.0,08/2021
207,11-3031.01,Treasurers and Controllers,0.5270333738534645,0.30971244152096333,22,18,0.18432976019449665,0.18432976019449665,0.0,1.2207018019238587,0.9496003251591926,0.5270333738534645,IM-weighted,4,0,0,False,25.0,08/2020
208,53-1042.01,Recycling Coordinators,0.5247089569969114,0.3867714546175688,23,16,0.3167023045854122,0.3167023045854122,0.0,1.5292072322670378,1.3398817802503478,0.5247089569969114,IM-weighted,7,0,0,False,59.0,07/2014
209,17-2199.10,Wind Energy Engineers,0.5231282673637042,0.402661193046241,16,10,0.36202389843166544,0.36202389843166544,0.0,1.7799239098624524,1.7799239098624524,0.5231282673637042,IM-weighted,6,0,0,False,116.0,07/2012
210,11-3131.00,Training and Development Managers,0.5229280605805638,0.22848679175953504,12,11,0.08729490954985278,0.08729490954985278,0.0,0.886148882230929,0.7939617423369442,0.5229280605805638,IM-weighted,1,0,0,False,28.0,08/2024
211,29-2099.08,Patient Representatives,0.5228315054835493,0.23124227458611335,13,11,0.14875373878364906,0.14875373878364906,0.0,1.000702740688686,0.9128601546029516,0.5228315054835493,IM-weighted,2,0,0,False,60.0,08/2020
212,17-2051.00,Civil Engineers,0.5226896971806474,0.37391680330935784,16,11,0.3261399234249913,0.3261399234249913,0.0,1.721332644628099,1.483987603305785,0.5226896971806474,IM-weighted,5,0,0,False,21.0,08/2021
213,41-4012.00,"Sales Representatives, Wholesale and Manufacturing, Except Technical and Scientific Products",0.5225404312668464,0.4081194732305758,18,12,0.339622641509434,0.339622641509434,0.0,1.6697959183673474,1.3314285714285716,0.5225404312668464,IM-weighted,6,0,0,False,65.0,08/2020
214,17-2111.02,Fire-Prevention and Protection Engineers,0.5215598491988691,0.32657931135724877,14,11,0.20301602262016966,0.20301602262016966,0.0,1.2618259224219488,1.1563386944181646,0.5215598491988691,IM-weighted,3,0,0,False,26.0,08/2025
215,51-5111.00,Prepress Technicians and Workers,0.52069913589945,0.47708555488952853,15,8,0.45420267085624505,0.45420267085624505,0.0,2.0,2.0,0.52069913589945,IM-weighted,7,0,0,False,97.0,07/2016
216,19-1031.00,Conservation Scientists,0.5177001637507542,0.3398270993559304,30,22,0.26493148323709387,0.26493148323709387,0.0,1.362645093211396,1.225466056982061,0.5177001637507542,IM-weighted,8,0,0,False,23.0,08/2022
217,13-1022.00,"Wholesale and Retail Buyers, Except Farm Products",0.5174937273487594,0.32874221468482123,20,16,0.20490660719264012,0.20490660719264012,0.0,1.091164095371669,0.9305750350631137,0.5174937273487594,IM-weighted,4,0,0,False,82.0,07/2015
218,17-2151.00,"Mining and Geological Engineers, Including Mining Safety Engineers",0.516884855697709,0.3824308045561663,18,12,0.3313002082713479,0.3313002082713479,0.0,1.7515016685205784,1.4338153503893212,0.516884855697709,IM-weighted,6,0,0,False,67.0,08/2018
219,33-3021.06,Intelligence Analysts,0.5168561770129071,0.26788036889206923,21,17,0.18500307314074982,0.18500307314074982,0.0,1.2914027149321268,0.7820512820512822,0.5168561770129071,IM-weighted,4,0,0,False,23.0,08/2024
220,17-3022.00,Civil Engineering Technologists and Technicians,0.5164255436785844,0.4158933488646635,14,9,0.3560633984518982,0.3560633984518982,0.0,1.6951917572982258,1.4894104178591874,0.5164255436785844,IM-weighted,5,0,0,False,100.0,07/2017
221,25-9031.00,Instructional Coordinators,0.5160250000000001,0.2675748948892627,30,25,0.17338666666666672,0.13846000000000003,0.034926666666666675,0.9580618104393832,0.9957255306793986,0.39275000000000004,IM-weighted,5,17,0,False,74.0,08/2018
222,11-3021.00,Computer and Information Systems Managers,0.5154143688725489,0.2764852533176298,17,14,0.18121936274509803,0.18121936274509803,0.0,1.1934518241347054,0.8424695977549111,0.5154143688725489,IM-weighted,3,0,0,False,76.0,07/2016
223,17-2161.00,Nuclear Engineers,0.5153762198253724,0.3865707536403867,20,13,0.34989727786337965,0.25885978428351314,0.09103749357986647,1.812561722299032,1.6097175587596289,0.5153762198253724,IM-weighted,7,0,0,False,21.0,08/2024
224,43-1011.00,First-Line Supervisors of Office and Administrative Support Workers,0.5148950255343294,0.33207411897288164,28,22,0.23056553811235106,0.23056553811235106,0.0,1.2965830875122912,0.8881514257620453,0.5148950255343294,IM-weighted,6,0,0,False,127.0,07/2015
225,19-3093.00,Historians,0.5145175205734008,0.30739417066644886,21,16,0.23174940270772507,0.23174940270772507,0.0,0.9842778161713891,1.3735314443676574,0.5145175205734008,IM-weighted,5,0,0,False,71.0,08/2025
226,15-1232.00,Computer User Support Specialists,0.514501891551072,0.36073841075804763,16,11,0.31633939830661145,0.31633939830661145,0.0,1.6635046113306984,1.265612648221344,0.514501891551072,IM-weighted,5,0,0,False,73.0,08/2023
227,13-1131.00,Fundraisers,0.5127132623244416,0.32589699062849004,28,22,0.2307474785559431,0.2307474785559431,0.0,1.1720377404729814,1.060286729567455,0.5127132623244416,IM-weighted,6,0,0,False,21.0,08/2021
228,19-2043.00,Hydrologists,0.5099123303167421,0.3479431412331923,25,18,0.27794117647058825,0.27794117647058825,0.0,1.484881717060943,1.3236722544258186,0.5099123303167421,IM-weighted,7,0,0,False,23.0,08/2018
229,13-1041.01,Environmental Compliance Inspectors,0.5079673532841041,0.3787106448586007,26,18,0.3162650602409639,0.3162650602409639,0.0,1.4901236322296432,1.412817962199801,0.5079673532841041,IM-weighted,8,0,0,False,20.0,08/2021
230,13-1021.00,"Buyers and Purchasing Agents, Farm Products",0.5069491525423728,0.3937915257799715,12,8,0.3184180790960452,0.3184180790960452,0.0,1.7470159151193634,0.9907161803713528,0.5069491525423728,IM-weighted,4,0,0,False,71.0,07/2013
231,27-3043.00,Writers and Authors,0.5049732872407291,0.1921621188672073,20,19,0.049999999999999996,0.0,0.049999999999999996,0.423500611995104,0.8289060174005094,0.4811832181018228,IM-weighted,1,12,0,False,44.0,08/2022
232,41-9031.00,Sales Engineers,0.501372764355193,0.31363171520750494,25,20,0.19736429243802947,0.19736429243802947,0.0,1.1022934584310657,0.9103466249674224,0.501372764355193,IM-weighted,5,0,0,False,49.0,08/2022
233,13-2099.04,"Fraud Examiners, Investigators and Analysts",0.499328928350196,0.36160991716811297,23,16,0.29743960355151755,0.2587239314474498,0.03871567210406771,1.3379867744305658,1.212637766348273,0.499328928350196,IM-weighted,7,0,0,False,25.0,08/2023
234,15-1221.00,Computer and Information Research Scientists,0.49759753988083794,0.2583071001639347,15,13,0.13434556986354027,0.13434556986354027,0.0,1.039076376554174,0.6250000000000001,0.49759753988083794,IM-weighted,2,0,0,False,49.0,08/2019
235,11-9041.00,Architectural and Engineering Managers,0.49756212645486003,0.2486772059872214,19,16,0.16357345077068264,0.16357345077068264,0.0,0.9464084242196315,0.8663031214742386,0.49756212645486003,IM-weighted,3,0,0,False,60.0,08/2020
236,11-9131.00,Postmasters and Mail Superintendents,0.49573625349487427,0.4201804391611115,13,8,0.37726001863932906,0.37726001863932906,0.0,1.763543849146962,1.3528883567794072,0.49573625349487427,IM-weighted,5,0,0,False,86.0,07/2016
237,19-1012.00,Food Scientists and Technologists,0.49429573291189244,0.4082399425690453,13,8,0.39154484393520345,0.39154484393520345,0.0,1.6227272727272726,1.8762987012987011,0.49429573291189244,IM-weighted,5,0,0,False,22.0,08/2025
238,11-3051.04,Biomass Power Plant Managers,0.4919657478165938,0.42902229160325517,19,11,0.42071506550218335,0.42071506550218335,0.0,1.9151943462897527,1.697055359246172,0.4919657478165938,IM-weighted,8,0,0,False,62.0,08/2020
239,13-1075.00,Labor Relations Specialists,0.48994729650595353,0.28830616404449366,28,23,0.1897325785672458,0.1897325785672458,0.0,0.9759094194170079,0.7869188147434352,0.48994729650595353,IM-weighted,5,0,0,False,21.0,08/2023
240,29-1224.00,Radiologists,0.4885045966785291,0.3486288599626646,30,21,0.3025970174546687,0.2680986273512964,0.034498390103372314,1.495386204173374,1.1083133371806944,0.4429492882562277,IM-weighted,9,13,0,False,73.0,08/2023
241,29-9092.00,Genetic Counselors,0.48822236180904516,0.33198468520173063,19,14,0.29032663316582913,0.29032663316582913,0.0,1.4314037882811117,0.9984067976633032,0.48822236180904516,IM-weighted,5,0,0,False,23.0,07/2014
242,43-4121.00,"Library Assistants, Clerical",0.4866950182260025,0.4684320516558611,32,17,0.46626164439044154,0.46626164439044154,0.0,1.8873880710274697,1.76126878130217,0.4866950182260025,IM-weighted,15,0,0,False,88.0,08/2018
243,11-9021.00,Construction Managers,0.4832089552238806,0.3670732990516829,25,17,0.32669983416252074,0.32669983416252074,0.0,1.5825123152709364,1.1550184729064044,0.4832089552238806,IM-weighted,8,0,0,False,20.0,08/2025
244,17-2121.00,Marine Engineers and Naval Architects,0.48279172129612297,0.4131029853349124,30,18,0.3979209589810826,0.3979209589810826,0.0,1.764971224140613,1.5940270648623427,0.48279172129612297,IM-weighted,12,0,0,False,19.0,08/2025
245,11-2011.00,Advertising and Promotions Managers,0.48221924846296055,0.3191767381322977,30,23,0.233591297992175,0.233591297992175,0.0,1.0899309431781843,0.9042460689221861,0.4269798787566104,IM-weighted,7,9,0,False,74.0,08/2018
246,17-2131.00,Materials Engineers,0.48034611020047907,0.3430177558091423,21,15,0.30059261127222286,0.30059261127222286,0.0,1.5525509284297818,1.0694068866053723,0.48034611020047907,IM-weighted,6,0,0,False,21.0,08/2020
247,11-9179.02,Spa Managers,0.4794510558861276,0.36118823500470704,21,15,0.27814724069536806,0.27814724069536806,0.0,1.0779052852755777,1.0197187651527395,0.4794510558861276,IM-weighted,6,0,0,False,59.0,07/2012
248,17-1012.00,Landscape Architects,0.4790200504581065,0.322456579476432,19,14,0.26995086973841453,0.26995086973841453,0.0,1.1000363768643142,1.2264459803564933,0.4790200504581065,IM-weighted,5,0,0,False,20.0,08/2025
249,27-4032.00,Film and Video Editors,0.4765548415205315,0.31952742574293286,22,17,0.218603637947936,0.17699596993791528,0.0416076680100207,0.7635907443546139,0.9973515472539727,0.4765548415205315,IM-weighted,5,0,0,False,57.0,08/2020
250,13-1032.00,"Insurance Appraisers, Auto Damage",0.4762903225806452,0.3813472884687612,7,5,0.2838709677419355,0.2838709677419355,0.0,1.4207207207207206,1.2666666666666666,0.4762903225806452,IM-weighted,2,0,0,False,57.0,07/2016
251,19-2032.00,Materials Scientists,0.47610935023771794,0.3805697798008613,16,10,0.36814580031695726,0.36814580031695726,0.0,1.513418610484073,1.5146726862302482,0.47610935023771794,IM-weighted,6,0,0,False,21.0,08/2024
252,19-1011.00,Animal Scientists,0.4760785398230088,0.3322282864510815,9,6,0.3000553097345132,0.3000553097345132,0.0,1.4808376135914658,1.1339391544843935,0.4760785398230088,IM-weighted,3,0,0,False,23.0,08/2022
253,11-2033.00,Fundraising Managers,0.47519625856021375,0.274235851450615,16,13,0.18540170369133122,0.18540170369133122,0.0,0.926799261841296,0.750461349190076,0.47519625856021375,IM-weighted,3,0,0,False,56.0,08/2025
254,43-4081.00,"Hotel, Motel, and Resort Desk Clerks",0.4750759963972079,0.4122416864264762,20,12,0.385386174285071,0.385386174285071,0.0,1.835501007510533,1.1000183183733285,0.4750759963972079,IM-weighted,8,0,0,False,131.0,07/2017
255,11-9161.00,Emergency Management Directors,0.47280647344084814,0.31192599673603383,23,17,0.27213262659298526,0.27213262659298526,0.0,1.2522466687325693,1.0048032228075612,0.47280647344084814,IM-weighted,6,0,0,False,22.0,08/2023
256,19-3051.00,Urban and Regional Planners,0.4712299807815503,0.33712233092303795,25,18,0.2826547085201794,0.2826547085201794,0.0,1.0414797245163319,1.1022633098048182,0.409513132607303,IM-weighted,7,6,0,False,25.0,08/2021
257,27-1021.00,Commercial and Industrial Designers,0.47116186031005175,0.2643248851566799,17,14,0.1623603933988998,0.1623603933988998,0.0,0.6796019900497512,0.8993034825870646,0.47116186031005175,IM-weighted,3,0,0,False,55.0,08/2019
258,27-3043.05,"Poets, Lyricists and Creative Writers",0.46958561376075053,0.248271003747976,16,13,0.15746677091477718,0.15746677091477718,0.0,0.3645137342242019,1.0942835931700077,0.46958561376075053,IM-weighted,3,0,0,False,22.0,08/2024
259,27-3041.00,Editors,0.46930117990512094,0.3173878856804599,21,16,0.22697968616956574,0.18136479746989415,0.04561488869967157,0.8533438237608184,0.9318646734854446,0.46930117990512094,IM-weighted,5,0,0,False,62.0,07/2017
260,17-3023.00,Electrical and Electronic Engineering Technologists and Technicians,0.46885944461713813,0.4298426954219989,30,17,0.4508341104548752,0.4508341104548752,0.0,1.939496855345912,1.7712327044025156,0.468876282250544,IM-weighted,13,4,0,False,,
261,11-2032.00,Public Relations Managers,0.46875,0.2464593019141294,20,17,0.15,0.15,0.0,0.8235294117647058,0.6470588235294118,,unweighted,3,20,0,False,,
262,19-1042.00,"Medical Scientists, Except Epidemiologists",0.46840301873698825,0.3185981407553424,14,10,0.2885149201943096,0.2885149201943096,0.0,1.1333821019263597,1.1333821019263597,0.46840301873698825,IM-weighted,4,0,0,False,65.0,08/2021
263,17-2111.00,"Health and Safety Engineers, Except Mining Safety Engineers and Inspectors",0.4675964437974419,0.34412606456137596,27,18,0.32238050674153407,0.28781594321783566,0.03456456352369838,1.331344131855641,1.23614663256607,0.5050041593012373,IM-weighted,9,2,0,False,,
264,39-6012.00,Concierges,0.4666943162146565,0.32853369333990445,18,13,0.2722158107328332,0.2722158107328332,0.0,1.3666997026759171,0.757185332011893,0.4666943162146565,IM-weighted,5,0,0,False,22.0,08/2025
265,19-1013.00,Soil and Plant Scientists,0.46645736946463984,0.35588326626450445,27,18,0.3311302048909452,0.3311302048909452,0.0,1.4692028985507246,1.1674901185770752,0.46645736946463984,IM-weighted,9,0,0,False,21.0,08/2021
266,11-3051.06,Hydroelectric Production Managers,0.46574838980677685,0.3712084198436548,18,12,0.346681601792215,0.346681601792215,0.0,1.672524646378054,0.93591941705958,0.46574838980677685,IM-weighted,6,0,0,False,86.0,07/2016
267,41-3021.00,Insurance Sales Agents,0.46365756162558297,0.3520829046450398,19,13,0.3084610259826782,0.3084610259826782,0.0,1.3815028901734105,0.9069364161849711,0.46365756162558297,IM-weighted,6,0,0,False,67.0,08/2018
268,19-3032.00,Industrial-Organizational Psychologists,0.4628136200716846,0.28534342919470024,25,19,0.22498719918074755,0.22498719918074755,0.0,0.8393234672304437,0.9264006342494712,0.4628136200716846,IM-weighted,6,0,0,False,26.0,08/2023
269,27-2012.03,Media Programming Directors,0.46011667448405247,0.3320094985016542,23,17,0.2662992495309568,0.2662992495309568,0.0,1.069362314208087,0.8817324596451975,0.46011667448405247,IM-weighted,6,0,0,False,59.0,08/2023
270,11-9051.00,Food Service Managers,0.45911055018396507,0.3931794571109573,28,18,0.3693847865149311,0.3693847865149311,0.0,1.4887381275440978,1.2723202170963366,0.45911055018396507,IM-weighted,10,0,0,False,108.0,08/2025
271,17-2171.00,Petroleum Engineers,0.45855102751654486,0.37892689730463575,23,14,0.38012306977824223,0.38012306977824223,0.0,1.642817006930137,1.269526128488481,0.45855102751654486,IM-weighted,9,0,0,False,58.0,08/2020
272,19-1029.02,Molecular and Cellular Biologists,0.4543124246079614,0.3182493826863598,22,16,0.2755126658624849,0.2755126658624849,0.0,1.2074592074592074,0.8842823842823844,0.4543124246079614,IM-weighted,6,0,0,False,26.0,08/2021
273,11-2021.00,Marketing Managers,0.45411138649948973,0.2820746817727583,20,16,0.20250765417699373,0.20250765417699373,0.0,0.8124314442413162,0.7398537477148079,0.45411138649948973,IM-weighted,4,0,0,False,117.0,07/2015
274,13-1041.03,Equal Opportunity Representatives and Officers,0.4540798848999726,0.2724021257594473,18,14,0.21129076459303917,0.21129076459303917,0.0,0.8439888811674774,0.7618137595552467,0.4540798848999726,IM-weighted,4,0,0,False,109.0,07/2015
275,37-1011.00,First-Line Supervisors of Housekeeping and Janitorial Workers,0.4538672492330575,0.391364275735078,26,17,0.3481453936971275,0.3481453936971275,0.0,1.374215630347975,0.9532230462065031,0.4538672492330575,IM-weighted,9,0,0,False,68.0,08/2020
276,19-4042.00,"Environmental Science and Protection Technicians, Including Health",0.4519901635594189,0.4267021234764962,25,14,0.45442067940066333,0.45442067940066333,0.0,1.7819706498951784,1.638993710691824,0.4519901635594189,IM-weighted,11,0,0,False,22.0,08/2023
277,19-2011.00,Astronomers,0.4516771961492178,0.30622645032442847,17,13,0.20291817087845965,0.20291817087845965,0.0,0.9277222117380639,0.7625967163615778,0.4516771961492178,IM-weighted,4,0,0,False,23.0,08/2024
278,11-1021.00,General and Operations Managers,0.450640617539392,0.2601077919390496,17,14,0.18367022123189558,0.18367022123189558,0.0,1.0241762526808345,0.5069214271787873,0.450640617539392,IM-weighted,3,0,0,False,82.0,08/2023
279,13-1199.07,Security Management Specialists,0.44903812724533543,0.35362439184250855,23,15,0.35357515355197583,0.35357515355197583,0.0,1.3135532448906417,1.3124775905342418,0.44903812724533543,IM-weighted,8,0,0,False,20.0,08/2025
280,27-1025.00,Interior Designers,0.44807981927710844,0.33258650421433145,16,12,0.2634036144578313,0.19623493975903614,0.06716867469879517,0.8912287875690045,1.056225720711511,0.44807981927710844,IM-weighted,4,0,0,False,25.0,08/2024
281,51-6092.00,Fabric and Apparel Patternmakers,0.446446755891766,0.44548233986468483,16,8,0.49156240907768395,0.49156240907768395,0.0,2.0,1.8832618025751073,0.446446755891766,IM-weighted,8,0,0,False,60.0,07/2016
282,11-3012.00,Administrative Services Managers,0.44363695090439276,0.32950986353719125,18,13,0.27808177534579726,0.27808177534579726,0.0,1.0810611643330876,0.8407200757974522,0.45130813953488363,IM-weighted,5,10,0,False,134.0,07/2017
283,13-2052.00,Personal Financial Advisors,0.4422491929476038,0.26077131747681487,21,16,0.2202632232431091,0.2202632232431091,0.0,0.9654458598726114,0.5719745222929937,0.4422491929476038,IM-weighted,5,0,0,False,26.0,08/2024
284,15-1255.01,Video Game Designers,0.44131734942309725,0.19615317920904835,24,21,0.11908542394410924,0.11908542394410924,0.0,0.41047825042057196,0.6502042778178323,0.44131734942309725,IM-weighted,3,0,0,False,20.0,08/2022
285,43-3041.00,Gambling Cage Workers,0.44072769953051644,0.472277800105432,17,8,0.5302626570232204,0.4674533688618196,0.06280928816140084,2.0,1.8676391139924364,0.44072769953051644,IM-weighted,9,0,0,False,63.0,08/2023
286,11-9111.00,Medical and Health Services Managers,0.438443000838223,0.2893061962606313,18,14,0.22003352891869238,0.1635931824531992,0.05644034646549315,1.0068063765000896,0.6385455848110336,0.438443000838223,IM-weighted,4,0,0,False,28.0,08/2022
287,29-2051.00,Dietetic Technicians,0.43383957802837403,0.36154858375016985,13,8,0.393233903237541,0.393233903237541,0.0,1.360011990407674,1.360011990407674,0.43383957802837403,IM-weighted,5,0,0,False,50.0,08/2021
288,35-1012.00,First-Line Supervisors of Food Preparation and Serving Workers,0.43248945147679324,0.4165652051963192,26,15,0.42270809359416944,0.3455120828538549,0.07719601074031453,1.4227574750830563,1.1584717607973418,0.43248945147679324,IM-weighted,11,0,0,False,76.0,08/2025
289,27-3031.00,Public Relations Specialists,0.43212686028030634,0.23455708648289256,18,15,0.1813321774310071,0.1813321774310071,0.0,0.6879632897987998,0.6561948464525239,0.43212686028030634,IM-weighted,3,0,0,False,22.0,08/2022
290,33-9031.00,Gambling Surveillance Officers and Gambling Investigators,0.4304123711340207,0.33942067605344306,8,5,0.3613673358654368,0.3613673358654368,0.0,1.1941376380628717,1.1975361087510619,0.4304123711340207,IM-weighted,3,0,0,False,91.0,08/2019
291,17-1022.00,Surveyors,0.4298849979278906,0.4104323214159408,24,13,0.4606299212598425,0.4606299212598425,0.0,1.7285824049174028,1.5610833653476759,0.4298849979278906,IM-weighted,11,0,0,False,20.0,08/2023
292,31-9099.01,Speech-Language Pathology Assistants,0.42951807228915667,0.37905635694905704,11,7,0.3710843373493976,0.3710843373493976,0.0,1.3096482061999304,1.0208986415882968,0.42951807228915667,IM-weighted,4,0,0,False,53.0,08/2022
293,11-3121.00,Human Resources Managers,0.42855497542997545,0.3066977189924894,26,20,0.261977886977887,0.261977886977887,0.0,0.9980579830767099,0.7152170897489251,0.42855497542997545,IM-weighted,6,0,0,False,22.0,08/2025
294,11-9199.08,Loss Prevention Managers,0.42719298245614035,0.34546464993717113,27,18,0.33684210526315794,0.33684210526315794,0.0,1.2840975896531452,0.9441504997060555,0.42719298245614035,IM-weighted,9,0,0,False,22.0,08/2019
295,11-3051.02,Geothermal Production Managers,0.4241502152293305,0.37984356716629714,17,10,0.41620899510167725,0.41620899510167725,0.0,1.804729214340198,1.0116959064327486,0.4241502152293305,IM-weighted,7,0,0,False,52.0,07/2011
296,11-9071.00,Gambling Managers,0.4238155616031667,0.36760320594571444,19,12,0.37320633349826815,0.37320633349826815,0.0,1.2526149595421352,1.0793368857312018,0.4238155616031667,IM-weighted,7,0,0,False,76.0,08/2023
297,11-3013.01,Security Managers,0.42024993281375983,0.2877284645740103,28,20,0.2769864731702948,0.24160171996775068,0.035384753202544125,0.9847602527567837,0.7785900136290425,0.42024993281375983,IM-weighted,8,0,0,False,20.0,08/2025
298,25-9021.00,Farm and Home Management Educators,0.41868374558303895,0.38281300131536367,15,9,0.395583038869258,0.395583038869258,0.0,1.2160187079801228,1.2282958199356915,0.41868374558303895,IM-weighted,6,0,0,False,27.0,08/2022
299,17-3028.00,Calibration Technologists and Technicians,0.41666666666666663,0.4464365078659625,15,7,0.5333333333333333,0.5333333333333333,0.0,2.0,2.0,,unweighted,8,15,0,False,,
300,41-9022.00,Real Estate Sales Agents,0.41200470772852105,0.34160339853741734,33,22,0.3312671635935661,0.3312671635935661,0.0,1.1670773201924205,0.7934999413352106,0.41200470772852105,IM-weighted,11,0,0,False,21.0,08/2019
301,41-9021.00,Real Estate Brokers,0.41175479328939485,0.39051261183154246,17,10,0.43424206111443975,0.43424206111443975,0.0,1.3020916070955786,1.4101138469684935,0.41175479328939485,IM-weighted,7,0,0,False,63.0,07/2015
302,25-4022.00,Librarians and Media Collections Specialists,0.41024859287054405,0.421278626152861,30,16,0.4624140087554722,0.4624140087554722,0.0,1.492833876221498,1.3068403908794788,0.4395520637898686,IM-weighted,14,2,0,False,183.0,08/2022
303,11-9179.01,Fitness and Wellness Coordinators,0.40979255145377314,0.38322578681745817,24,14,0.41075901121637803,0.41075901121637803,0.0,1.1182775827019036,1.1478469783773795,0.40979255145377314,IM-weighted,10,0,0,False,26.0,08/2022
304,29-1051.00,Pharmacists,0.4096381822672264,0.38168127920787237,20,11,0.4435663126697949,0.4435663126697949,0.0,1.6790945406125168,1.1136262760763427,0.4096381822672264,IM-weighted,9,0,0,False,63.0,08/2022
305,27-2041.00,Music Directors and Composers,0.40961008062071896,0.27523188703990475,30,23,0.24685094259562346,0.24685094259562346,0.0,0.5425483110256184,0.9328675943885971,0.4254750863793418,IM-weighted,7,2,0,False,141.0,08/2022
306,11-9141.00,"Property, Real Estate, and Community Association Managers",0.40934731934731944,0.39388764401269016,27,15,0.4433566433566434,0.4433566433566434,0.0,1.5504187604690118,1.2494137353433836,0.40934731934731944,IM-weighted,12,0,0,False,20.0,08/2020
307,11-9151.00,Social and Community Service Managers,0.4031125299281723,0.3074547457707417,16,11,0.318754988028731,0.318754988028731,0.0,0.9194001874414245,0.7157919400187441,0.4031125299281723,IM-weighted,5,0,0,False,72.0,08/2018
308,11-9031.00,"Education and Childcare Administrators, Preschool and Daycare",0.40128032345013476,0.3103034490516284,17,12,0.3113207547169811,0.3113207547169811,0.0,0.8493150684931505,0.8184387910415306,0.40128032345013476,IM-weighted,5,0,0,False,91.0,08/2018
309,27-4011.00,Audio and Video Technicians,0.3996810371437391,0.4260964517012515,29,15,0.49933120691429156,0.49933120691429156,0.0,1.4140978216194,1.516235100698726,0.3996810371437391,IM-weighted,14,0,0,False,70.0,08/2018
310,51-5112.00,Printing Press Operators,0.398910198328803,0.4711328700098902,23,10,0.5748515050840634,0.5748515050840634,0.0,2.0,1.7999052806062041,0.398910198328803,IM-weighted,13,0,0,False,63.0,08/2020
311,51-1011.00,First-Line Supervisors of Production and Operating Workers,0.3972029077117573,0.3899501960700363,20,12,0.41125158027812897,0.41125158027812897,0.0,1.3530169637105434,1.0339274210865363,0.3972029077117573,IM-weighted,8,0,0,False,98.0,08/2020
312,51-9151.00,Photographic Process Workers and Processing Machine Operators,0.3968831048536494,0.45532186300767835,27,12,0.5627084105224157,0.5627084105224157,0.0,1.8385935183223892,2.0,0.3968831048536494,IM-weighted,15,0,0,False,67.0,07/2017
313,27-3023.00,"News Analysts, Reporters, and Journalists",0.39647370566653073,0.31669280457895044,30,20,0.33208316347329797,0.33208316347329797,0.0,0.6958007812500001,1.0029296875000002,0.39647370566653073,IM-weighted,10,0,0,False,,
314,19-1029.04,Biologists,0.3964598225289622,0.3414728865383548,22,13,0.40436282967710135,0.40436282967710135,0.0,1.2195323815435546,1.253465756259052,0.3964598225289622,IM-weighted,9,0,0,False,55.0,08/2025
315,23-1022.00,"Arbitrators, Mediators, and Conciliators",0.3950985477178423,0.3480453020812024,20,12,0.3838174273858921,0.3838174273858921,0.0,1.2011784511784513,0.928872053872054,0.3950985477178423,IM-weighted,8,0,0,False,20.0,08/2024
316,25-4012.00,Curators,0.39407127232956624,0.3079545412513174,15,10,0.34050309879693763,0.34050309879693763,0.0,0.9892205638474295,0.9112769485903814,0.39407127232956624,IM-weighted,5,0,0,False,101.0,08/2018
317,19-4043.00,"Geological Technicians, Except Hydrologic Technicians",0.39375993178960983,0.4291177902154516,29,14,0.5234276135906296,0.5234276135906296,0.0,1.6449074114379738,1.6723400921097304,0.38778426182168213,IM-weighted,15,6,0,False,,
318,19-1021.00,Biochemists and Biophysicists,0.3933279308481902,0.38234971161193865,24,13,0.45380875202593185,0.45380875202593185,0.0,1.3323442136498513,1.5054401582591495,0.3933279308481902,IM-weighted,11,0,0,False,20.0,08/2020
319,25-1193.00,"Recreation and Fitness Studies Teachers, Postsecondary",0.39328787195671766,0.3094249594695315,23,16,0.29486023444544635,0.29486023444544635,0.0,0.8858695652173914,0.7066815856777493,0.39328787195671766,IM-weighted,7,0,0,False,87.0,08/2019
320,25-1082.00,"Library Science Teachers, Postsecondary",0.39222829386763813,0.3382592740298729,25,15,0.39870471564460636,0.3513458814005262,0.04735883424408015,1.1711544934365534,0.9766072029619658,0.39222829386763813,IM-weighted,10,0,0,False,57.0,08/2019
321,29-1222.00,"Physicians, Pathologists",0.3908075491077159,0.3688877827203733,19,10,0.4510206701758889,0.4046732571575297,0.046347413018359214,1.594714686623012,1.1003274087932646,0.3908075491077159,IM-weighted,9,0,0,False,81.0,08/2020
322,41-9091.00,"Door-to-Door Sales Workers, News and Street Vendors, and Related Workers",0.3901981230448383,0.4646950207516628,12,5,0.5657977059436912,0.5657977059436912,0.0,1.7973102785782902,1.5946205571565804,0.3901981230448383,IM-weighted,7,0,0,False,24.0,08/2018
323,53-1042.00,"First-Line Supervisors of Helpers, Laborers, and Material Movers, Hand",0.3901637634296444,0.40559399306566896,24,13,0.4682382392823616,0.4682382392823616,0.0,1.3940761082777562,1.2387210670851314,0.3901637634296444,IM-weighted,11,0,0,False,59.0,08/2024
324,19-1031.02,Range Managers,0.3886901720320218,0.29478094590323833,16,11,0.32243229432805315,0.32243229432805315,0.0,0.9947209653092006,0.7946204122674709,0.3886901720320218,IM-weighted,5,0,0,False,58.0,08/2020
325,41-1012.00,First-Line Supervisors of Non-Retail Sales Workers,0.385229720028715,0.4083692170535044,18,9,0.5030868628858578,0.5030868628858578,0.0,1.4475585091014156,1.4319560820572088,0.385229720028715,IM-weighted,9,0,0,False,87.0,08/2020
326,17-2021.00,Agricultural Engineers,0.3828603915364841,0.3669081273892958,14,8,0.43504053786830144,0.43504053786830144,0.0,1.512075603780189,1.1494574728736435,0.3828603915364841,IM-weighted,6,0,0,False,20.0,08/2024
327,11-3013.00,Facilities Managers,0.38247566063977745,0.35829834330499766,11,6,0.4582753824756607,0.4582753824756607,0.0,1.4890885750962772,1.1591784338896023,0.38247566063977745,IM-weighted,5,0,0,False,96.0,08/2024
328,13-1121.00,"Meeting, Convention, and Event Planners",0.3821123541441117,0.33549000505748544,21,14,0.3546252856971009,0.3546252856971009,0.0,0.9498602050326187,0.8296365330848089,0.3821123541441117,IM-weighted,7,0,0,False,66.0,07/2016
329,39-1014.00,"First-Line Supervisors of Entertainment and Recreation Workers, Except Gambling Services",0.3815789473684211,0.3749422854940791,19,11,0.42105263157894735,0.42105263157894735,0.0,1.1818181818181819,1.0,,unweighted,8,19,0,False,,
330,11-9121.00,Natural Sciences Managers,0.38123764822134387,0.2620700802370817,16,12,0.2712450592885376,0.2712450592885376,0.0,0.743728813559322,0.6763841807909604,0.38123764822134387,IM-weighted,4,0,0,False,71.0,08/2021
331,19-3094.00,Political Scientists,0.37999006951340614,0.22142402693198338,14,11,0.23594836146971201,0.23594836146971201,0.0,0.1754613984923317,0.8032232908760073,0.37999006951340614,IM-weighted,3,0,0,False,26.0,08/2022
332,41-1011.00,First-Line Supervisors of Retail Sales Workers,0.3772735023303398,0.36889254179903397,21,12,0.43344321927929974,0.43344321927929974,0.0,1.2459871589085072,0.9135232744783307,0.3772735023303398,IM-weighted,9,0,0,False,78.0,08/2018
333,25-1022.00,"Mathematical Science Teachers, Postsecondary",0.3770115962607975,0.34245973705242994,23,14,0.38255827712696716,0.38255827712696716,0.0,0.9221924108853968,0.9365657339977004,0.3770115962607975,IM-weighted,9,0,0,False,118.0,08/2019
334,11-9072.00,"Entertainment and Recreation Managers, Except Gambling",0.37630572311313815,0.3371733374004892,17,10,0.4009121671325585,0.4009121671325585,0.0,1.018909626719057,0.9032416502946955,0.37630572311313815,IM-weighted,7,0,0,False,53.0,08/2025
335,13-1011.00,"Agents and Business Managers of Artists, Performers, and Athletes",0.37533589251439536,0.3302831804781119,14,9,0.36007677543186184,0.28598848368522073,0.07408829174664107,1.0107978404319136,0.6838632273545291,0.37533589251439536,IM-weighted,5,0,0,False,64.0,08/2020
336,27-4012.00,Broadcast Technicians,0.3749645992636647,0.44681861689263025,27,11,0.5826489190975173,0.5399792315680166,0.042669687529500615,2.0,1.818366885320063,0.3749645992636647,IM-weighted,16,0,0,False,66.0,08/2019
337,49-1011.00,"First-Line Supervisors of Mechanics, Installers, and Repairers",0.37487521836785626,0.38605692034625966,22,12,0.46356376341402544,0.46356376341402544,0.0,1.4124214933705517,1.089090486159572,0.37487521836785626,IM-weighted,10,0,0,False,118.0,08/2021
338,11-3051.03,Biofuels Production Managers,0.3742297535211268,0.38904445851243663,14,7,0.5142605633802817,0.5142605633802817,0.0,1.8651685393258428,1.298296484233418,0.3742297535211268,IM-weighted,7,0,0,False,65.0,07/2016
339,25-1021.00,"Computer Science Teachers, Postsecondary",0.3736240579135264,0.31716758668687894,26,17,0.3368702895676319,0.3368702895676319,0.0,0.7761327949753252,0.7761327949753252,0.3736240579135264,IM-weighted,9,0,0,False,91.0,08/2019
340,53-7071.00,Gas Compressor and Gas Pumping Station Operators,0.37299749083188577,0.46315089650906566,13,5,0.5960239336035514,0.5960239336035514,0.0,2.0,1.7955088389871,0.37299749083188577,IM-weighted,8,0,0,False,49.0,07/2017
341,43-5041.00,"Meter Readers, Utilities",0.37279260780287476,0.4569031930621253,12,5,0.595482546201232,0.4227926078028747,0.17268993839835728,2.0,1.7862944162436547,0.37279260780287476,IM-weighted,7,0,0,False,88.0,07/2016
342,53-6051.00,Transportation Inspectors,0.37271150609580883,0.43220751963582743,17,8,0.5258199581297976,0.5258199581297976,0.0,1.3867463100030302,1.3867463100030302,0.38114968597348214,IM-weighted,9,3,0,False,,
343,17-3027.01,Automotive Engineering Technicians,0.37233148121070336,0.42360551085260445,18,8,0.5544670273431789,0.5544670273431789,0.0,1.885789300951756,1.5251066622907778,0.37233148121070336,IM-weighted,10,0,0,False,27.0,07/2016
344,25-1124.00,"Foreign Language and Literature Teachers, Postsecondary",0.37141129032258063,0.34722724296867236,24,14,0.4030107526881721,0.4030107526881721,0.0,0.8445605187319886,0.9261527377521614,0.37141129032258063,IM-weighted,10,0,0,False,71.0,08/2019
345,41-2022.00,Parts Salespersons,0.3712059450645931,0.4337602989780735,19,8,0.5616455537438857,0.5616455537438857,0.0,1.7519313304721027,1.5113018597997137,0.3712059450645931,IM-weighted,11,0,0,False,48.0,08/2023
346,29-1031.00,Dietitians and Nutritionists,0.370406288280931,0.2947429746193251,28,19,0.3372805226623111,0.3015516537362189,0.035728868926092276,0.8609057301293899,0.6449476278496611,0.370406288280931,IM-weighted,9,0,0,False,30.0,08/2021
347,19-4021.00,Biological Technicians,0.3700298953662183,0.43886697509239114,17,7,0.5747384155455906,0.5747384155455906,0.0,1.7050966608084357,1.8530755711775044,0.3700298953662183,IM-weighted,10,0,0,False,73.0,07/2017
348,11-9081.00,Lodging Managers,0.3694170606578815,0.3890244798952918,24,13,0.4752037018408612,0.4752037018408612,0.0,1.363810619129768,1.058271036994441,0.3694170606578815,IM-weighted,11,0,0,False,49.0,07/2017
349,19-2031.00,Chemists,0.36908236057068744,0.3897457183221075,12,6,0.5099437959360138,0.5099437959360138,0.0,1.6678429642699604,1.357300397000441,0.36908236057068744,IM-weighted,6,0,0,False,62.0,08/2023
350,25-1111.00,"Criminal Justice and Law Enforcement Teachers, Postsecondary",0.3683125214801237,0.3375519873897791,23,14,0.3866422270592279,0.3445984648871578,0.042043762172070114,0.9293985805005606,0.9293985805005606,0.3683125214801237,IM-weighted,9,0,0,False,66.0,08/2019
351,27-1027.00,Set and Exhibit Designers,0.36773475956077245,0.3386435347933785,27,15,0.4360090874668686,0.4360090874668686,0.0,1.1540785498489428,1.1198388721047332,0.36773475956077245,IM-weighted,12,0,0,False,21.0,08/2021
352,17-3024.00,Electro-Mechanical and Mechatronics Technologists and Technicians,0.3672834150362241,0.42150544053050076,28,13,0.5591659074805143,0.5591659074805143,0.0,1.8575692963752664,1.7848614072494664,0.39553598542362595,IM-weighted,15,2,0,False,117.0,08/2022
353,29-2011.01,Cytogenetic Technologists,0.3670456183338138,0.41591879592737635,30,14,0.5440328624963967,0.5440328624963967,0.0,1.7197724039829305,1.568831989884622,0.3670456183338138,IM-weighted,16,0,0,False,21.0,08/2021
354,11-9171.00,Funeral Home Managers,0.3667222161512403,0.3391379208039515,23,14,0.4195169926783959,0.4195169926783959,0.0,1.1698042168674698,0.8010165662650602,0.3667222161512403,IM-weighted,9,0,0,False,52.0,08/2024
355,33-1091.00,First-Line Supervisors of Security Workers,0.3658383265568157,0.41717262469168476,21,10,0.5341322490905199,0.5341322490905199,0.0,1.4951768488745982,1.3927423059255857,0.3658383265568157,IM-weighted,11,0,0,False,70.0,08/2025
356,27-1011.00,Art Directors,0.3646511275919479,0.2778482317822273,16,11,0.30846072347510217,0.30846072347510217,0.0,0.4337929525060188,0.7846355876559422,0.3646511275919479,IM-weighted,5,0,0,False,58.0,08/2023
357,53-1043.00,First-Line Supervisors of Material-Moving Machine and Vehicle Operators,0.36452523703290574,0.4026756235775021,22,11,0.5074080360823493,0.5074080360823493,0.0,1.5511346854386137,1.0975066456630895,0.3891871165644172,IM-weighted,11,3,0,False,52.0,08/2023
358,17-3026.01,Nanotechnology Engineering Technologists and Technicians,0.36381656487731706,0.4094037006631599,25,12,0.5343405121611486,0.5343405121611486,0.0,1.6654394845835252,1.4930971007823286,0.36381656487731706,IM-weighted,13,0,0,False,20.0,08/2025
359,51-8093.00,"Petroleum Pump System Operators, Refinery Operators, and Gaugers",0.3638121843773504,0.4299163018707162,24,10,0.5749435908456001,0.5749435908456001,0.0,2.0,1.4757330637007076,0.3638121843773504,IM-weighted,14,0,0,False,70.0,08/2023
360,11-2022.00,Sales Managers,0.3622831230283911,0.2672544354136912,17,12,0.30362776025236593,0.30362776025236593,0.0,0.7447338618346545,0.5818799546998867,0.3622831230283911,IM-weighted,5,0,0,False,21.0,08/2025
361,21-2021.00,"Directors, Religious Activities and Education",0.36168639053254437,0.27767267982340266,19,13,0.31245489969692597,0.31245489969692597,0.0,0.7995382031905962,0.46935348446683467,0.36168639053254437,IM-weighted,6,0,0,False,56.0,08/2023
362,19-5011.00,Occupational Health and Safety Specialists,0.36156041864890576,0.3716769314261301,22,11,0.49131779257849656,0.49131779257849656,0.0,1.4332476034603692,1.3486088379705399,0.36156041864890576,IM-weighted,11,0,0,False,23.0,08/2024
363,25-1011.00,"Business Teachers, Postsecondary",0.35767617878694896,0.35694359492254213,25,15,0.3894855272578501,0.3894855272578501,0.0,0.8704975707823757,0.8704975707823757,0.35767617878694896,IM-weighted,10,0,0,False,105.0,08/2019
364,25-1194.00,"Career/Technical Education Teachers, Postsecondary",0.35729050968776993,0.3303057193181276,20,12,0.4014562507713192,0.4014562507713192,0.0,1.0585567010309276,0.7220618556701031,0.35729050968776993,IM-weighted,8,0,0,False,114.0,08/2019
365,51-9061.00,"Inspectors, Testers, Sorters, Samplers, and Weighers",0.35591662756139536,0.44796877694249965,31,12,0.606835601439074,0.606835601439074,0.0,1.9204296797294609,1.831310921026457,0.35591662756139536,IM-weighted,19,0,0,False,63.0,08/2020
366,21-1092.00,Probation Officers and Correctional Treatment Specialists,0.3555740337194633,0.328619068609599,21,13,0.39362312191765114,0.35153113889207477,0.042091983025576325,1.152638547380367,0.6152827690561756,0.3555740337194633,IM-weighted,8,0,0,False,109.0,08/2020
367,39-1022.00,First-Line Supervisors of Personal Service Workers,0.35299524221453293,0.2929513392114128,17,11,0.3614475201845445,0.3614475201845445,0.0,0.9051704673741253,0.6148114698577558,0.35299524221453293,IM-weighted,6,0,0,False,50.0,08/2024
368,19-5012.00,Occupational Health and Safety Technicians,0.3520308955385114,0.39150560145274427,26,13,0.48827914011018697,0.48827914011018697,0.0,1.3749208359721343,1.1342621912602915,0.3520308955385114,IM-weighted,13,0,0,False,21.0,08/2024
369,19-1023.00,Zoologists and Wildlife Biologists,0.3509167341977309,0.35043175695702306,14,8,0.4165316045380875,0.4165316045380875,0.0,1.3583333333333334,0.8420138888888888,0.3509167341977309,IM-weighted,6,0,0,False,61.0,08/2023
370,53-1041.00,Aircraft Cargo Handling Supervisors,0.35012967765839204,0.4770103630752927,6,2,0.6498703223416081,0.6498703223416081,0.0,2.0,2.0,0.35012967765839204,IM-weighted,4,0,0,True,60.0,07/2016
371,25-1032.00,"Engineering Teachers, Postsecondary",0.3470945409147657,0.3239602980069622,24,14,0.41243899670865974,0.41243899670865974,0.0,0.8669113386130964,0.8669113386130964,0.3470945409147657,IM-weighted,10,0,0,False,54.0,08/2019
372,25-1067.00,"Sociology Teachers, Postsecondary",0.3468385599456583,0.32212045309144766,24,14,0.4012226876485905,0.4012226876485905,0.0,0.8145207033465682,0.8145207033465682,0.3468385599456583,IM-weighted,10,0,0,False,106.0,08/2019
373,25-1063.00,"Economics Teachers, Postsecondary",0.34661551788145034,0.3178436998731811,22,13,0.38992698923400576,0.38992698923400576,0.0,0.7645030425963488,0.8574036511156188,0.34661551788145034,IM-weighted,9,0,0,False,72.0,08/2019
374,27-3011.00,Broadcast Announcers and Radio Disc Jockeys,0.34607427055702916,0.3224016306720729,24,15,0.36127320954907166,0.36127320954907166,0.0,0.5888704318936877,0.744518272425249,0.34607427055702916,IM-weighted,9,0,0,False,54.0,08/2025
375,17-3024.01,Robotics Technicians,0.3458134993286954,0.4025663967282971,22,10,0.5602343463932626,0.5602343463932626,0.0,1.8015542603386066,1.2850402442409101,0.3458134993286954,IM-weighted,12,0,0,False,22.0,08/2018
376,19-4051.02,Nuclear Monitoring Technicians,0.3456902848794741,0.44687828229,16,6,0.6216216216216217,0.6216216216216217,0.0,2.0,1.8212355212355213,0.3456902848794741,IM-weighted,10,0,0,False,119.0,07/2014
377,47-1011.00,First-Line Supervisors of Construction Trades and Extraction Workers,0.3454737452377009,0.3707874641392282,15,8,0.47374523770084487,0.47374523770084487,0.0,1.3884167453572553,0.8816493547371734,0.3454737452377009,IM-weighted,7,0,0,False,99.0,08/2020
378,11-9033.00,"Education Administrators, Postsecondary",0.34294550736251633,0.30384507292991436,27,17,0.3710307522788742,0.3710307522788742,0.0,0.8283166109253065,0.5343207517120562,0.34294550736251633,IM-weighted,10,0,0,False,114.0,08/2018
379,29-1127.00,Speech-Language Pathologists,0.34088288378622283,0.3113241582271846,23,14,0.3966710117316755,0.3966710117316755,0.0,1.029084261259764,0.6433438590659798,0.34088288378622283,IM-weighted,9,0,0,False,71.0,08/2022
380,29-1141.04,Clinical Nurse Specialists,0.3402105219960604,0.28751755420602626,30,19,0.37130663164806305,0.37130663164806305,0.0,0.9758485639686683,0.4992167101827676,0.3402105219960604,IM-weighted,11,0,0,False,21.0,08/2025
381,19-3041.00,Sociologists,0.33860759493670894,0.28835930524156017,15,9,0.3929182346903866,0.32004789599726313,0.07287033869312351,0.664130741053818,0.797971259509721,0.33860759493670894,IM-weighted,6,0,0,False,20.0,08/2023
382,53-4031.00,Railroad Conductors and Yardmasters,0.3374340409866241,0.44582187878183843,20,8,0.603632347527304,0.603632347527304,0.0,1.728173374613003,1.6071207430340557,0.3374340409866241,IM-weighted,12,0,0,False,79.0,07/2013
383,25-1122.00,"Communications Teachers, Postsecondary",0.3372333605315304,0.35171177474231685,22,12,0.4625247697866884,0.4625247697866884,0.0,0.9297332465842553,0.9297332465842553,0.3372333605315304,IM-weighted,10,0,0,False,65.0,08/2019
384,25-1081.00,"Education Teachers, Postsecondary",0.3370846268828332,0.329976106485604,24,14,0.41255605381165916,0.41255605381165916,0.0,0.8377373262869446,0.8377373262869446,0.3370846268828332,IM-weighted,10,0,0,False,61.0,08/2019
385,53-2022.00,Airfield Operations Specialists,0.3343212193335774,0.37778566730517393,27,13,0.5422922006590992,0.5422922006590992,0.0,1.8328,0.9514000000000001,0.3343212193335774,IM-weighted,14,0,0,False,71.0,08/2021
386,21-1015.00,Rehabilitation Counselors,0.33290433290433297,0.3006481541571951,17,11,0.3474903474903475,0.3474903474903475,0.0,0.8987508218277448,0.36576813499890426,0.33290433290433297,IM-weighted,6,0,0,False,87.0,08/2020
387,25-1071.00,"Health Specialties Teachers, Postsecondary",0.3323127856556897,0.3327498778530055,22,12,0.44673620063283725,0.44673620063283725,0.0,0.9864435500953189,0.9042575725481891,0.3323127856556897,IM-weighted,10,0,0,False,57.0,08/2019
388,49-9062.00,Medical Equipment Repairers,0.3317604127343652,0.3982679913783783,20,9,0.5677614194035485,0.5677614194035485,0.0,1.5624454148471616,1.3467248908296945,0.3317604127343652,IM-weighted,11,0,0,False,73.0,08/2023
389,25-1064.00,"Geography Teachers, Postsecondary",0.33120608256477824,0.35214106494478375,25,13,0.4700263504611331,0.4365393061045236,0.033487044356609576,0.9960638077480836,1.058628547752227,0.33120608256477824,IM-weighted,12,0,0,False,110.0,08/2019
390,37-1012.00,"First-Line Supervisors of Landscaping, Lawn Service, and Groundskeeping Workers",0.32995881155127726,0.3910328299155273,28,13,0.5445205479452054,0.5445205479452054,0.0,1.4728713676082097,1.1578947368421053,0.32995881155127726,IM-weighted,15,0,0,False,54.0,08/2021
391,25-1125.00,"History Teachers, Postsecondary",0.32991066708954436,0.30598449158955343,25,15,0.3866159213447511,0.3866159213447511,0.0,0.6821785591175457,0.688728024819028,0.32991066708954436,IM-weighted,10,0,0,False,65.0,08/2019
392,31-9095.00,Pharmacy Aides,0.329437844352617,0.45076958977403314,14,5,0.6422176308539945,0.6422176308539945,0.0,1.7887391722810395,1.7887391722810395,0.329437844352617,IM-weighted,9,0,0,False,74.0,07/2014
393,25-1041.00,"Agricultural Sciences Teachers, Postsecondary",0.32841834426600314,0.32394122346039683,23,13,0.433838498077358,0.433838498077358,0.0,0.8248102277267279,0.8248102277267279,0.32841834426600314,IM-weighted,10,0,0,False,71.0,08/2019
394,27-2012.00,Producers and Directors,0.3283174327840416,0.3251064750791998,30,17,0.4315119976871928,0.39933506793871054,0.032176929748482214,0.7327603742880391,0.8250610252237591,0.33701936976004626,IM-weighted,13,3,0,False,111.0,08/2022
395,25-1112.00,"Law Teachers, Postsecondary",0.32738026543566057,0.3302072356384995,23,12,0.4498557414887477,0.4498557414887477,0.0,0.8766519823788547,0.7940004195510804,0.32738026543566057,IM-weighted,11,0,0,False,103.0,08/2019
396,33-9021.00,Private Detectives and Investigators,0.326744285226885,0.3691810072552115,14,7,0.49795291709314227,0.49795291709314227,0.0,1.3944954128440368,0.981311586816174,0.326744285226885,IM-weighted,7,0,0,False,90.0,07/2015
397,25-1053.00,"Environmental Science Teachers, Postsecondary",0.3266504329004329,0.3198792945537866,25,14,0.43365800865800863,0.3971861471861472,0.036471861471861475,0.6556468564876744,0.8828587808140644,0.3266504329004329,IM-weighted,11,0,0,False,164.0,08/2019
398,25-1051.00,"Atmospheric, Earth, Marine, and Space Sciences Teachers, Postsecondary",0.32604666375926733,0.3306655366449877,26,14,0.45791539467945924,0.42204535542956834,0.035870039249890975,0.9332260659694288,0.9332260659694288,0.32604666375926733,IM-weighted,12,0,0,False,110.0,08/2019
399,25-1126.00,"Philosophy and Religion Teachers, Postsecondary",0.32397545728177807,0.31158757657222813,22,13,0.40263949988423237,0.3550590414447788,0.04758045843945357,0.5790697674418603,0.7622093023255813,0.32397545728177807,IM-weighted,9,0,0,False,99.0,08/2019
400,25-1065.00,"Political Science Teachers, Postsecondary",0.32385013073449004,0.325546613889523,22,12,0.45008319467554064,0.45008319467554064,0.0,0.7691808947482172,0.8506591744110655,0.32385013073449004,IM-weighted,10,0,0,False,103.0,08/2019
401,27-2023.00,"Umpires, Referees, and Other Sports Officials",0.32380319148936165,0.44907399237554635,16,6,0.6471631205673758,0.6471631205673758,0.0,1.754606365159129,1.8773031825795643,0.32380319148936165,IM-weighted,10,0,0,False,21.0,08/2021
402,29-1171.00,Nurse Practitioners,0.32371637642057066,0.32001235273631984,27,15,0.4458343553266291,0.4458343553266291,0.0,1.0780466214222484,0.5295072292711714,0.32371637642057066,IM-weighted,12,0,0,False,23.0,08/2021
403,41-9012.00,Models,0.3228907330567082,0.4451345366241423,10,3,0.6497925311203321,0.6497925311203321,0.0,2.0,1.6879936808846763,0.3228907330567082,IM-weighted,7,0,0,False,56.0,08/2021
404,53-1044.00,First-Line Supervisors of Passenger Attendants,0.3223684210526316,0.35889951834173306,19,10,0.47368421052631576,0.47368421052631576,0.0,0.9,1.0,,unweighted,9,19,0,False,,
405,27-2012.05,Media Technical Directors/Managers,0.3200915141430949,0.3203702490095683,15,9,0.43427620632279534,0.43427620632279534,0.0,0.8067647058823529,0.7197058823529412,0.3200915141430949,IM-weighted,6,0,0,False,49.0,08/2019
406,25-1066.00,"Psychology Teachers, Postsecondary",0.31910252782493864,0.32906801843633615,29,17,0.4193548387096774,0.3855876249764195,0.033767213733257875,0.7048408057179988,0.7683560753736193,0.31910252782493864,IM-weighted,12,0,0,False,92.0,08/2019
407,19-3034.00,School Psychologists,0.316067201472909,0.2926627434649322,19,11,0.42240925828511305,0.36322987901104675,0.059179379274066274,0.8333333333333334,0.5443989071038251,0.316067201472909,IM-weighted,8,0,0,False,62.0,08/2019
408,39-7012.00,Travel Guides,0.31576746131325806,0.3537700401943539,17,8,0.5300432176216366,0.5300432176216366,0.0,1.2551171759121922,0.9961435775734203,0.31576746131325806,IM-weighted,9,0,0,False,58.0,08/2022
409,25-3041.00,Tutors,0.3154833533894905,0.30831954364226827,19,11,0.4471185987431474,0.391228773900254,0.055889824842893426,1.120193470374849,0.516807738814994,0.3154833533894905,IM-weighted,8,0,0,False,22.0,08/2022
410,41-2012.00,Gambling Change Persons and Booth Cashiers,0.315375606491551,0.46466529171182713,13,4,0.6846243935084491,0.6846243935084491,0.0,2.0,2.0,0.315375606491551,IM-weighted,9,0,0,False,87.0,08/2019
411,53-3031.00,Driver/Sales Workers,0.3144938457673951,0.41764002012529167,11,4,0.6159256468224065,0.6159256468224065,0.0,1.7704381948986267,1.5049051667756703,0.3144938457673951,IM-weighted,7,0,1,False,47.0,08/2020
412,25-1052.00,"Chemistry Teachers, Postsecondary",0.3144436118396403,0.33734901081910723,28,15,0.4654364930685649,0.4310603222180591,0.0343761708505058,0.8705099001226564,0.8882074645172595,0.3144436118396403,IM-weighted,13,0,0,False,102.0,08/2019
413,51-8011.00,Nuclear Power Reactor Operators,0.31387796448575855,0.38054468158401245,19,8,0.5806220951018949,0.5266356810868787,0.053986414015016096,1.8834896277351523,1.1096902529127592,0.31387796448575855,IM-weighted,11,0,0,False,116.0,07/2014
414,25-1031.00,"Architecture Teachers, Postsecondary",0.3137485481997677,0.3148752385724683,22,13,0.39698025551684085,0.39698025551684085,0.0,0.6858628659476118,0.6858628659476118,0.3137485481997677,IM-weighted,9,0,0,False,69.0,08/2019
415,25-1192.00,"Family and Consumer Sciences Teachers, Postsecondary",0.3117420212765957,0.333291467133498,23,12,0.4739361702127659,0.4739361702127659,0.0,0.9126390293225481,0.8311425682507585,0.3117420212765957,IM-weighted,11,0,0,False,105.0,08/2019
416,43-5111.00,"Weighers, Measurers, Checkers, and Samplers, Recordkeeping",0.31095668368050766,0.43335888453216526,18,6,0.654848944682025,0.654848944682025,0.0,2.0,1.6794564348521182,0.31095668368050766,IM-weighted,12,0,0,False,95.0,08/2018
417,43-5021.00,Couriers and Messengers,0.309919279726793,0.44135068083659235,15,5,0.665942253958398,0.665942253958398,0.0,2.0,1.8043680297397768,0.309919279726793,IM-weighted,10,0,0,False,63.0,07/2016
418,25-1113.00,"Social Work Teachers, Postsecondary",0.30921821853741494,0.3386671876142628,24,12,0.4979804421768707,0.4150722789115646,0.0829081632653061,0.9134024984120264,0.9311878043616347,0.30921821853741494,IM-weighted,12,0,0,False,48.0,08/2021
419,49-9091.00,"Coin, Vending, and Amusement Machine Servicers and Repairers",0.30868099452170245,0.4453642089638649,18,6,0.6722854333473801,0.6722854333473801,0.0,2.0,1.8431204457779684,0.30868099452170245,IM-weighted,12,0,0,False,70.0,07/2017
420,21-1093.00,Social and Human Service Assistants,0.306706857573474,0.34564690828274863,19,10,0.4770158251695555,0.4770158251695555,0.0,1.0184438040345825,0.735734870317003,0.306706857573474,IM-weighted,9,0,0,False,69.0,08/2020
421,25-2059.01,Adapted Physical Education Specialists,0.30558350100603626,0.36589779420359775,20,10,0.5371049828382057,0.5371049828382057,0.0,1.0539503963180774,1.0539503963180774,0.30558350100603626,IM-weighted,10,0,0,False,21.0,08/2020
422,13-1041.04,Government Property Inspectors and Investigators,0.30421225382932165,0.38431363813138664,13,5,0.588183807439825,0.588183807439825,0.0,1.6323060573857597,1.4548352816153027,0.30421225382932165,IM-weighted,7,0,1,False,52.0,07/2016
423,25-1062.00,"Area, Ethnic, and Cultural Studies Teachers, Postsecondary",0.30378537197626654,0.30795242851722077,23,13,0.42822911912368783,0.42822911912368783,0.0,0.7044502095390143,0.6040710437038516,0.30378537197626654,IM-weighted,10,0,0,False,126.0,08/2019
424,25-1123.00,"English Language and Literature Teachers, Postsecondary",0.30302188759976956,0.31408023757810405,33,18,0.45741792150086397,0.45741792150086397,0.0,0.6305732484076433,0.7682741886563542,0.30302188759976956,IM-weighted,15,0,0,False,101.0,08/2019
425,41-2021.00,Counter and Rental Clerks,0.3026493039964077,0.4460143150662486,16,5,0.6811854512797486,0.6114354138602006,0.06975003741954797,2.0,1.797183098591549,0.3026493039964077,IM-weighted,11,0,0,False,65.0,08/2019
426,25-1072.00,"Nursing Instructors and Teachers, Postsecondary",0.3026013771996939,0.30003122593273707,29,17,0.41775057383320574,0.41775057383320574,0.0,0.6560081763761133,0.6592203241349102,0.3026013771996939,IM-weighted,12,0,0,False,105.0,08/2019
427,35-1011.00,Chefs and Head Cooks,0.302545106942287,0.39260030173172134,21,9,0.5859720396702115,0.5859720396702115,0.0,1.582106782106782,1.0216450216450217,0.302545106942287,IM-weighted,12,0,0,False,24.0,08/2025
428,19-3091.00,Anthropologists and Archeologists,0.3015876585409733,0.30372629238221216,30,17,0.4418458217144913,0.4418458217144913,0.0,0.6597904915390814,0.6567284448025786,0.3015876585409733,IM-weighted,13,0,0,False,20.0,08/2024
429,27-2012.04,Talent Directors,0.3002724442138039,0.3356950659269948,15,7,0.5059678256357032,0.44663553018508917,0.05933229545061409,0.8637955182072828,0.8595938375350141,0.3002724442138039,IM-weighted,8,0,0,False,65.0,08/2019
430,33-1012.00,First-Line Supervisors of Police and Detectives,0.30017468944099374,0.3292571875761495,20,10,0.5059523809523808,0.5059523809523808,0.0,1.2951807228915662,0.6707700366684127,0.30017468944099374,IM-weighted,10,0,0,False,87.0,08/2024
431,19-4013.00,Food Science Technicians,0.2996539271742401,0.45006046740440103,16,5,0.6919951850737284,0.6919951850737284,0.0,2.0,2.0,0.2996539271742401,IM-weighted,11,0,0,False,58.0,08/2023
432,25-1043.00,"Forestry and Conservation Science Teachers, Postsecondary",0.298065850083752,0.3352790613071985,25,12,0.509108040201005,0.509108040201005,0.0,0.8445297504798464,1.0110897846022606,0.298065850083752,IM-weighted,13,0,0,False,64.0,08/2020
433,53-6051.07,"Transportation Vehicle, Equipment and Systems Inspectors, Except Aviation",0.2979767441860465,0.39958987628143056,14,5,0.6370232558139535,0.6370232558139535,0.0,2.0,1.7837006663249615,0.2979767441860465,IM-weighted,9,0,0,False,57.0,07/2015
434,53-3053.00,Shuttle Drivers and Chauffeurs,0.2979250745744867,0.425782536492067,26,9,0.6612563607650465,0.6612563607650465,0.0,2.0,1.4680134680134682,0.2979250745744867,IM-weighted,17,0,0,False,66.0,08/2025
435,25-1042.00,"Biological Science Teachers, Postsecondary",0.29642359035664473,0.3366097109692602,27,13,0.5074716078900178,0.4751942618051404,0.032277346084877465,0.774878640776699,0.9518608414239481,0.29642359035664473,IM-weighted,14,0,0,False,114.0,08/2019
436,33-9099.02,Retail Loss Prevention Specialists,0.2945254667992487,0.37018741679477407,21,9,0.5777262180974477,0.5777262180974477,0.0,1.3469387755102042,1.2339089481946623,0.2945254667992487,IM-weighted,12,0,0,False,84.0,07/2014
437,25-9044.00,"Teaching Assistants, Postsecondary",0.2944626386846679,0.3509399298379998,20,9,0.5467183531613422,0.5467183531613422,0.0,1.4084340902388677,1.0017693895606015,0.2944626386846679,IM-weighted,11,0,0,False,99.0,07/2016
438,49-2011.00,"Computer, Automated Teller, and Office Machine Repairers",0.29404046066041584,0.42919141793661736,25,8,0.674582144313086,0.674582144313086,0.0,1.8662699655496398,1.8662699655496398,0.29404046066041584,IM-weighted,17,0,0,False,68.0,07/2015
439,23-1011.00,Lawyers,0.29309096982518645,0.278790902860607,22,12,0.459637011468656,0.41799354192183497,0.04164346954682106,0.8363898619410675,0.5744900061817432,0.29309096982518645,IM-weighted,10,0,0,False,72.0,08/2024
440,25-1061.00,"Anthropology and Archeology Teachers, Postsecondary",0.292864030858245,0.3055670288037453,27,15,0.453519768563163,0.453519768563163,0.0,0.6003176283748015,0.7423680959943534,0.292864030858245,IM-weighted,12,0,0,False,22.0,08/2025
441,29-2011.00,Medical and Clinical Laboratory Technologists,0.29138917040683365,0.41569178386551575,15,5,0.6678731721442015,0.6678731721442015,0.0,2.0,1.810810810810811,0.29138917040683365,IM-weighted,10,0,0,False,84.0,08/2025
442,47-4011.00,Construction and Building Inspectors,0.29075084820770025,0.4077629992368516,19,6,0.6595368048384715,0.6595368048384715,0.0,2.0,1.6659445407279025,0.29075084820770025,IM-weighted,13,0,0,False,25.0,08/2024
443,29-2034.00,Radiologic Technologists and Technicians,0.2906635176775867,0.38358982490150817,30,12,0.6043545248134933,0.5738485241647745,0.030506000648718775,1.515429758220437,1.4442281021773142,0.267403908530652,IM-weighted,18,3,0,False,135.0,08/2022
444,49-9041.00,Industrial Machinery Mechanics,0.29060661472412147,0.4110885457628781,16,6,0.6431865161392909,0.6431865161392909,0.0,1.8302139037433154,1.49554367201426,0.29060661472412147,IM-weighted,10,0,0,False,66.0,08/2021
445,25-1054.00,"Physics Teachers, Postsecondary",0.290356216886484,0.3209134262726639,24,12,0.4884454965618306,0.4884454965618306,0.0,0.7655354781842223,0.7655354781842223,0.290356216886484,IM-weighted,12,0,0,False,122.0,08/2019
446,49-2094.00,"Electrical and Electronics Repairers, Commercial and Industrial Equipment",0.2898170653703467,0.3913687040442073,20,8,0.6084175514903416,0.6084175514903416,0.0,1.637046716759229,1.2711532179026461,0.2898170653703467,IM-weighted,12,0,0,False,62.0,08/2021
447,39-4031.00,"Morticians, Undertakers, and Funeral Arrangers",0.28854122396940085,0.3631092811889277,22,9,0.5943476413089676,0.5943476413089676,0.0,1.7826086956521736,0.9154007333682556,0.28854122396940085,IM-weighted,13,0,0,False,70.0,08/2024
448,43-5051.00,Postal Service Clerks,0.28770451470045516,0.43073481919678197,19,6,0.6864312953622832,0.6864312953622832,0.0,2.0,1.6700666928207142,0.28770451470045516,IM-weighted,13,0,0,False,97.0,07/2016
449,51-8092.00,Gas Plant Operators,0.28701011378002533,0.38038323864437035,19,7,0.6278128950695322,0.5731984829329962,0.05461441213653604,2.0,1.292119565217391,0.28701011378002533,IM-weighted,12,0,0,False,63.0,08/2023
450,53-2012.00,Commercial Pilots,0.28631509309139025,0.41543908671181345,24,8,0.672998771382667,0.672998771382667,0.0,1.8942196531791908,1.7289017341040465,0.28631509309139025,IM-weighted,16,0,0,False,59.0,08/2024
451,11-9032.00,"Education Administrators, Kindergarten through Secondary",0.28416230366492146,0.3026091782764259,32,17,0.46766008860249697,0.4371325010068466,0.030527587595650423,0.7539718565592374,0.6359509759418974,0.28416230366492146,IM-weighted,15,0,0,False,65.0,08/2025
452,19-4051.00,Nuclear Technicians,0.28310855851461647,0.40041786460956996,18,6,0.6605046662114266,0.6605046662114266,0.0,1.8494324984435615,1.668215123796753,0.26380962832894356,IM-weighted,12,2,0,False,,
453,29-1023.00,Orthodontists,0.28304924242424245,0.34180279268949104,11,5,0.5482954545454545,0.5482954545454545,0.0,1.0062893081761006,0.8067085953878407,0.28304924242424245,IM-weighted,6,0,0,False,64.0,08/2023
454,31-9092.00,Medical Assistants,0.28107985480943737,0.41418671125605194,20,7,0.6640199637023593,0.6640199637023593,0.0,1.8467251856853477,1.5580688723835245,0.28107985480943737,IM-weighted,13,0,0,False,60.0,08/2021
455,27-1012.00,Craft Artists,0.28107879471479214,0.3396402673328158,16,7,0.5789558491782146,0.5789558491782146,0.0,0.5836203597397628,1.7569843092231154,0.28107879471479214,IM-weighted,9,0,0,False,23.0,08/2025
456,21-1094.00,Community Health Workers,0.2808996838171889,0.29344889617769576,28,15,0.4679505605058925,0.4679505605058925,0.0,0.8996938591752206,0.3686295696020169,0.2808996838171889,IM-weighted,13,0,0,False,62.0,07/2013
457,41-9011.00,Demonstrators and Product Promoters,0.28014913104744005,0.30355803803716275,21,11,0.4774542038515735,0.4774542038515735,0.0,0.6469662921348315,0.6458426966292136,0.28014913104744005,IM-weighted,10,0,0,False,57.0,07/2016
458,21-1022.00,Healthcare Social Workers,0.27940963156367854,0.28575691232034034,17,10,0.4405279953582826,0.4405279953582826,0.0,0.817993259009593,0.3712730101114856,0.27940963156367854,IM-weighted,7,0,0,False,27.0,08/2021
459,29-2052.00,Pharmacy Technicians,0.2790613621760548,0.4358096231290125,21,6,0.7080745341614908,0.6609552366673807,0.04711929749411009,2.0,2.0,0.2790613621760548,IM-weighted,15,0,0,False,81.0,08/2021
460,51-8013.00,Power Plant Operators,0.2790023673238641,0.3972248222667168,30,10,0.6666596000282665,0.6666596000282665,0.0,2.0,1.5993724958131057,0.22136686453254184,IM-weighted,20,8,0,False,57.0,08/2024
461,27-1022.00,Fashion Designers,0.27835942596216573,0.26204847969768646,20,11,0.4470971950424006,0.4470971950424006,0.0,0.19254365266635204,0.835063709296838,0.27835942596216573,IM-weighted,9,0,0,False,59.0,08/2024
462,53-7065.00,Stockers and Order Fillers,0.2772179137549003,0.4322688885470128,30,9,0.697204704278166,0.697204704278166,0.0,1.9062763861525471,1.8125527723050945,0.2772179137549003,IM-weighted,21,0,0,False,240.0,08/2022
463,29-2033.00,Nuclear Medicine Technologists,0.2760268664427797,0.38529514538677073,17,6,0.6503487470937742,0.6503487470937742,0.0,1.8304396010343555,1.4850387883265608,0.2760268664427797,IM-weighted,11,0,0,False,133.0,07/2013
464,11-1011.00,Chief Executives,0.27582054212932716,0.22394825553838804,31,20,0.35279229261920303,0.3219301110385369,0.030862181580666226,0.4567932382994829,0.20978932761448219,0.27582054212932716,IM-weighted,11,0,0,False,95.0,08/2023
465,29-1181.00,Audiologists,0.27544766574291185,0.33268998044301756,22,10,0.5592624173950115,0.5592624173950115,0.0,1.102055622732769,0.9864570737605803,0.27544766574291185,IM-weighted,12,0,0,False,22.0,08/2021
466,49-2022.00,"Telecommunications Equipment Installers and Repairers, Except Line Installers",0.274623426645574,0.4060351899830432,39,13,0.6803081367356766,0.6803081367356766,0.0,1.937392426850258,1.6153184165232357,0.274623426645574,IM-weighted,26,0,0,False,63.0,07/2017
467,33-3051.04,Customs and Border Protection Officers,0.27216616573636754,0.39685798854457305,11,4,0.6610133104336624,0.5590382138256762,0.10197509660798625,1.7188093730208995,1.4376187460417984,0.27216616573636754,IM-weighted,7,0,0,False,82.0,07/2012
468,41-2031.00,Retail Salespersons,0.2719228474845894,0.414016815667868,24,8,0.679160866971565,0.679160866971565,0.0,1.7474434459250079,1.6244189649829566,0.2719228474845894,IM-weighted,16,0,0,False,91.0,08/2018
469,27-4021.00,Photographers,0.27162380866750585,0.3826270733412408,28,10,0.6391836000719295,0.6391836000719295,0.0,1.3904809369548965,1.5088462496885124,0.27162380866750585,IM-weighted,18,0,0,False,22.0,08/2021
470,29-2011.02,Cytotechnologists,0.27065160502442426,0.40173016240651593,13,4,0.6732379623168179,0.6732379623168179,0.0,1.786438868126001,1.5728777362520021,0.27065160502442426,IM-weighted,9,0,0,False,22.0,08/2021
471,33-1021.00,First-Line Supervisors of Firefighting and Prevention Workers,0.2698429459170793,0.3445436210970853,30,13,0.5804705958507298,0.5434119817458005,0.03705861410492928,1.1525666939254138,1.0017358164509111,0.2588115351004952,IM-weighted,17,5,0,False,244.0,08/2022
472,27-2091.00,"Disc Jockeys, Except Radio",0.26973684210526316,0.3587789001167363,19,8,0.5789473684210527,0.5789473684210527,0.0,0.875,1.0,,unweighted,11,19,0,False,,
473,19-1032.00,Foresters,0.26934885700389105,0.3469078928263395,25,10,0.6035992217898833,0.5654182879377432,0.03818093385214008,1.4159509202453986,1.2131901840490795,0.26934885700389105,IM-weighted,15,0,0,False,74.0,08/2023
474,29-1161.00,Nurse Midwives,0.26902173913043476,0.3122292796394975,21,10,0.5326086956521738,0.5326086956521738,0.0,1.1162790697674418,0.7072898032200358,0.26902173913043476,IM-weighted,11,0,0,False,33.0,08/2021
475,49-2098.00,Security and Fire Alarm Systems Installers,0.26801260882617833,0.3803211951616307,16,6,0.6397478234764336,0.6397478234764336,0.0,1.33125,1.2941666666666667,0.26801260882617833,IM-weighted,10,0,0,False,68.0,07/2015
476,39-1013.00,First-Line Supervisors of Gambling Services Workers,0.2675597951413096,0.38813182622919684,30,10,0.6651203947015605,0.6651203947015605,0.0,1.7955801104972378,1.3038674033149176,0.287379039225851,IM-weighted,19,2,1,False,94.0,08/2022
477,53-7081.00,Refuse and Recyclable Material Collectors,0.26588050314465406,0.4321987570490172,14,4,0.7245283018867925,0.7245283018867925,0.0,2.0,2.0,0.26588050314465406,IM-weighted,10,0,0,False,58.0,08/2023
478,19-1022.00,Microbiologists,0.2656448107226952,0.37495288709032676,14,5,0.657489585220069,0.657489585220069,0.0,1.6023268112109994,1.6023268112109994,0.2656448107226952,IM-weighted,9,0,0,False,22.0,08/2024
479,33-3041.00,Parking Enforcement Workers,0.2654876214715409,0.3720535906642748,22,8,0.6377834335955576,0.6377834335955576,0.0,1.7563078888534014,1.1306291919514533,0.2654876214715409,IM-weighted,14,0,0,False,84.0,07/2016
480,25-3011.00,"Adult Basic Education, Adult Secondary Education, and English as a Second Language Instructors",0.2648004556813171,0.3088753329097516,37,18,0.5185947376157579,0.5185947376157579,0.0,0.9529770992366411,0.560763358778626,0.2648004556813171,IM-weighted,19,0,0,False,65.0,08/2018
481,47-2231.00,Solar Photovoltaic Installers,0.26171697942162997,0.38038930461195053,26,9,0.6628592149397153,0.6628592149397153,0.0,1.7746706103791339,1.442592094649099,0.26171697942162997,IM-weighted,17,0,0,False,62.0,08/2024
482,25-3021.00,Self-Enrichment Teachers,0.26163666991754586,0.31237696392704706,30,14,0.535242486035996,0.535242486035996,0.0,0.9172071728347957,0.8119038534910339,0.26163666991754586,IM-weighted,16,0,0,False,81.0,08/2019
483,47-4099.03,Weatherization Installers and Technicians,0.26157695176529094,0.37488602965049,20,7,0.6592491297861761,0.6592491297861761,0.0,1.7205399489237503,1.2794600510762495,0.26157695176529094,IM-weighted,13,0,0,False,23.0,08/2020
484,29-1124.00,Radiation Therapists,0.2610543357280178,0.3959175605409341,22,7,0.6809673176161084,0.6809673176161084,0.0,1.7151918807484936,1.5623215984776404,0.2610543357280178,IM-weighted,15,0,0,False,103.0,07/2013
485,45-1011.00,"First-Line Supervisors of Farming, Fishing, and Forestry Workers",0.2610303602328142,0.4101229689211466,30,9,0.7045241466100362,0.6719899323580304,0.03253421425200566,1.8838548931503352,1.6423650670272691,0.25299669655497875,IM-weighted,21,3,0,False,297.0,08/2022
486,33-3021.02,Police Identification and Records Officers,0.2604912414318355,0.3618004273599388,16,6,0.6361005331302361,0.6361005331302361,0.0,1.5491837588949353,1.3633319380493931,0.2604912414318355,IM-weighted,10,0,0,False,65.0,08/2025
487,21-1012.00,"Educational, Guidance, and Career Counselors and Advisors",0.25879556853057867,0.28611088912977933,35,18,0.49172842278613665,0.49172842278613665,0.0,0.7338733431516937,0.4546391752577319,0.25879556853057867,IM-weighted,17,0,0,False,77.0,08/2024
488,53-7072.00,"Pump Operators, Except Wellhead Pumpers",0.25776557405182765,0.40389941345481817,14,4,0.7046507636862879,0.7046507636862879,0.0,2.0,1.4909936083672284,0.25776557405182765,IM-weighted,10,0,0,False,82.0,08/2021
489,51-4111.00,Tool and Die Makers,0.2576098172169811,0.4019864751539388,17,5,0.7065153301886793,0.7065153301886793,0.0,2.0,1.8106479156202915,0.2576098172169811,IM-weighted,12,0,0,False,55.0,08/2021
490,29-1291.00,Acupuncturists,0.25751691305437235,0.3597531422791141,18,7,0.6123778501628665,0.6123778501628665,0.0,1.2107304460245636,1.0827407886231415,0.25751691305437235,IM-weighted,11,0,0,False,29.0,08/2025
491,29-1229.02,Hospitalists,0.25701823949246627,0.3027600874676765,14,6,0.5730372720063442,0.5730372720063442,0.0,0.9910846953937593,0.824665676077266,0.25701823949246627,IM-weighted,8,0,0,False,25.0,08/2021
492,33-2021.00,Fire Inspectors and Investigators,0.25150034623374623,0.3593947355224428,30,11,0.6474571054858815,0.6474571054858815,0.0,1.4879965080750763,1.2191182889567873,0.25150034623374623,IM-weighted,19,0,0,False,136.0,08/2022
493,49-9099.01,Geothermal Technicians,0.2505487871803314,0.3942373500091746,24,7,0.6954231149160355,0.648885962023927,0.046537152892108434,1.8594594594594593,1.5563963963963963,0.2505487871803314,IM-weighted,17,0,0,False,64.0,08/2020
494,39-5093.00,Shampooers,0.2505482456140351,0.43332876922005104,4,1,0.7494517543859649,0.7494517543859649,0.0,2.0,2.0,0.2505482456140351,IM-weighted,3,0,0,True,94.0,06/2008
495,51-4061.00,"Model Makers, Metal and Plastic",0.24890011406224535,0.37875787009645095,16,5,0.6744337624246374,0.6744337624246374,0.0,1.6506506506506506,1.4599599599599602,0.24890011406224535,IM-weighted,11,0,0,False,54.0,08/2025
496,11-9013.00,"Farmers, Ranchers, and Other Agricultural Managers",0.2486816532780514,0.3737649399078568,30,10,0.6641876133713398,0.6641876133713398,0.0,1.5041798492682048,1.211230290403066,0.304272479917077,IM-weighted,20,10,0,False,,
497,39-9041.00,Residential Advisors,0.248170412963931,0.3830230581388809,30,10,0.6701515943544171,0.6701515943544171,0.0,1.4717379820390915,1.3689910195456947,0.248170412963931,IM-weighted,20,0,0,False,85.0,08/2019
498,53-4011.00,Locomotive Engineers,0.24805386890860967,0.3927671373578567,14,4,0.7041880741086718,0.7041880741086718,0.0,2.0,1.2257894736842105,0.24805386890860967,IM-weighted,10,0,0,False,65.0,07/2015
499,51-9011.00,Chemical Equipment Operators and Tenders,0.24793886989744618,0.42025228062664693,23,6,0.7408003217373818,0.7408003217373818,0.0,2.0,2.0,0.24793886989744618,IM-weighted,17,0,0,False,66.0,07/2015
500,25-4013.00,Museum Technicians and Conservators,0.2471382407711688,0.3667559110574194,24,8,0.664037682111951,0.664037682111951,0.0,1.5096185197261167,1.382784479947832,0.2471382407711688,IM-weighted,16,0,0,False,66.0,08/2018
501,49-2097.00,Audiovisual Equipment Installers and Repairers,0.246237362132353,0.4067227910058107,11,3,0.7306985294117648,0.7306985294117648,0.0,2.0,2.0,0.246237362132353,IM-weighted,8,0,0,False,56.0,08/2023
502,51-9161.00,Computer Numerically Controlled Tool Operators,0.24620981754995658,0.4073246376141828,27,7,0.72997393570808,0.72997393570808,0.0,2.0,1.8622908622908623,0.24620981754995658,IM-weighted,20,0,0,False,101.0,08/2023
503,25-1121.00,"Art, Drama, and Music Teachers, Postsecondary",0.24581031307550646,0.3115242585265978,28,12,0.5638121546961326,0.5282688766114181,0.03554327808471455,0.6445007388642602,0.8064175638589824,0.24581031307550646,IM-weighted,16,0,0,False,145.0,08/2019
504,35-2012.00,"Cooks, Institution and Cafeteria",0.24499393203883496,0.40099235969778196,17,5,0.7191208198489752,0.7191208198489752,0.0,1.7921267402784447,1.5928948631781086,0.24499393203883496,IM-weighted,12,0,0,False,143.0,08/2019
505,29-1218.00,Obstetricians and Gynecologists,0.24411764705882352,0.325523557459101,15,6,0.6330316742081448,0.6330316742081448,0.0,1.3489519112207153,0.9728729963008633,0.24411764705882352,IM-weighted,9,0,0,False,56.0,08/2023
506,49-2095.00,"Electrical and Electronics Repairers, Powerhouse, Substation, and Relay",0.24382919203554382,0.40628442076710297,15,4,0.7316109922659206,0.7316109922659206,0.0,2.0,1.7400367872470877,0.24382919203554382,IM-weighted,11,0,0,False,79.0,07/2017
507,51-8099.01,Biofuels Processing Technicians,0.24298951475249936,0.40464444236595876,19,5,0.7300658376005852,0.7300658376005852,0.0,2.0,1.6007226738934057,0.24298951475249936,IM-weighted,14,0,0,False,76.0,07/2016
508,19-4071.00,Forest and Conservation Technicians,0.2404110083790812,0.394084427775489,20,6,0.7057208899162093,0.7057208899162093,0.0,1.6789396170839468,1.508591065292096,0.2404110083790812,IM-weighted,14,0,0,False,95.0,08/2018
509,29-1212.00,Cardiologists,0.24,0.3140859754907882,25,10,0.6,0.6,0.0,1.4,0.7,,unweighted,15,25,0,False,,
510,13-1041.06,Coroners,0.23967065868263474,0.37915337437535673,20,6,0.7131192161132281,0.7131192161132281,0.0,2.0,1.6834914611005691,0.23967065868263474,IM-weighted,14,0,0,False,20.0,08/2024
511,27-1013.00,"Fine Artists, Including Painters, Sculptors, and Illustrators",0.2393348623853211,0.23769268378363584,28,14,0.4785932721712538,0.4785932721712538,0.0,0.06920821114369503,0.7515151515151515,0.2393348623853211,IM-weighted,14,0,1,False,50.0,07/2017
512,39-3091.00,Amusement and Recreation Attendants,0.23912130376344085,0.4180617145596548,17,4,0.7526881720430108,0.7526881720430108,0.0,2.0,2.0,0.23912130376344085,IM-weighted,13,0,0,False,71.0,08/2020
513,17-3029.01,Non-Destructive Testing Specialists,0.23823591106139003,0.3995666476894028,16,4,0.7368200251713047,0.7368200251713047,0.0,2.0,2.0,0.23823591106139003,IM-weighted,12,0,0,False,22.0,08/2023
514,17-3021.00,Aerospace Engineering and Operations Technologists and Technicians,0.23446031079378415,0.39127333966577477,11,3,0.7320453590928182,0.7320453590928182,0.0,2.0,1.6520376175548586,0.23446031079378415,IM-weighted,8,0,0,False,49.0,08/2019
515,29-1216.00,General Internal Medicine Physicians,0.23442906574394468,0.30231271009944327,19,8,0.5995130078175062,0.5995130078175062,0.0,1.12064,0.6992,0.23442906574394468,IM-weighted,11,0,0,False,58.0,08/2021
516,23-1023.00,"Judges, Magistrate Judges, and Magistrates",0.23425174980557714,0.2707578101352637,21,9,0.5570492167536941,0.5043884012887456,0.05266081546494834,0.8893905191873588,0.45272134436919986,0.23425174980557714,IM-weighted,12,0,0,False,63.0,08/2020
517,27-2022.00,Coaches and Scouts,0.23342199394662025,0.3032473554389947,27,12,0.5563606346877008,0.5563606346877008,0.0,0.7283440148852596,0.5641926814140996,0.23342199394662025,IM-weighted,15,0,0,False,108.0,08/2019
518,43-9071.00,"Office Machine Operators, Except Computer",0.23330550918196996,0.4229350405999858,18,4,0.7666944908180301,0.7666944908180301,0.0,2.0,2.0,0.23330550918196996,IM-weighted,14,0,0,False,53.0,07/2017
519,29-9099.01,Midwives,0.23307798983028466,0.34414530729156695,36,13,0.6551541966585221,0.6551541966585221,0.0,1.39544235924933,0.9283799310608962,0.23307798983028466,IM-weighted,23,0,0,False,65.0,08/2021
520,51-7032.00,"Patternmakers, Wood",0.23178797854181904,0.4078488739846766,20,5,0.7548158985613265,0.7548158985613265,0.0,2.0,2.0,0.23178797854181904,IM-weighted,15,0,0,False,78.0,08/2021
521,53-3032.00,Heavy and Tractor-Trailer Truck Drivers,0.23145904504647657,0.40472217888096246,29,7,0.7511718439659967,0.7511718439659967,0.0,2.0,1.8569604086845466,0.23145904504647657,IM-weighted,22,0,0,False,108.0,08/2022
522,45-2011.00,Agricultural Inspectors,0.23123992378719038,0.36194012447817714,16,5,0.7001319067858712,0.7001319067858712,0.0,1.5943304007820136,1.3939393939393936,0.23123992378719038,IM-weighted,11,0,0,False,96.0,07/2013
523,33-3021.00,Detectives and Criminal Investigators,0.23079128440366972,0.3281645870491689,30,10,0.66414373088685,0.66414373088685,0.0,1.5975415433644435,0.8998406555884363,0.23079128440366972,IM-weighted,20,0,0,False,246.0,08/2022
524,19-4031.00,Chemical Technicians,0.22936228482003126,0.357462973188012,16,5,0.7037558685446009,0.7037558685446009,0.0,1.774960380348653,1.4189117802430005,0.22936228482003126,IM-weighted,11,0,0,False,48.0,08/2021
525,29-1071.00,Physician Assistants,0.229155213487264,0.3410895953619373,12,4,0.669965182334616,0.669965182334616,0.0,1.4569683509161577,1.1837867851193782,0.229155213487264,IM-weighted,8,0,0,False,37.0,08/2021
526,25-2031.00,"Secondary School Teachers, Except Special and Career/Technical Education",0.22830420766881576,0.284189930837139,32,14,0.5641330166270784,0.5641330166270784,0.0,0.9168937329700272,0.482483456597898,0.22830420766881576,IM-weighted,18,0,0,False,99.0,08/2025
527,29-1299.01,Naturopathic Physicians,0.2271173224568138,0.35581694968972005,20,6,0.6988963531669865,0.6988963531669865,0.0,1.6593625498007967,1.243824701195219,0.2271173224568138,IM-weighted,14,0,0,False,25.0,08/2021
528,21-1021.00,"Child, Family, and School Social Workers",0.22693827301878156,0.33803904031493914,21,7,0.67533211177279,0.67533211177279,0.0,1.712169312169312,1.020458553791887,0.22693827301878156,IM-weighted,14,0,0,False,64.0,08/2018
529,51-8091.00,Chemical Plant and System Operators,0.22682825648927346,0.38084388872159375,19,5,0.7327249022164278,0.7327249022164278,0.0,2.0,1.3946784922394677,0.22682825648927346,IM-weighted,14,0,0,False,103.0,07/2015
530,39-5011.00,Barbers,0.2251979917974827,0.3850524785410262,18,5,0.7328524961108753,0.7328524961108753,0.0,1.3811540497617787,1.7813658020116463,0.2251979917974827,IM-weighted,13,0,0,False,66.0,08/2018
531,33-9011.00,Animal Control Workers,0.22332001712084462,0.3870803925596374,16,4,0.7356256241974604,0.7356256241974604,0.0,1.5035078251484082,1.7517539125742043,0.22332001712084462,IM-weighted,12,0,0,False,26.0,08/2025
532,29-1229.01,Allergists and Immunologists,0.22255234861346915,0.2629431488965686,16,7,0.5738539898132429,0.5738539898132429,0.0,0.9110225763612219,0.26693227091633465,0.22255234861346915,IM-weighted,9,0,0,False,72.0,08/2022
533,29-2081.00,"Opticians, Dispensing",0.2224981309409377,0.3984191256873566,21,5,0.7594787995300653,0.7594787995300653,0.0,2.0,1.7984014209591472,0.2224981309409377,IM-weighted,16,0,0,False,24.0,08/2022
534,53-5021.00,"Captains, Mates, and Pilots of Water Vessels",0.22240324246999918,0.35629950204433414,30,9,0.713142069988609,0.713142069988609,0.0,1.879753615425817,1.2088912694161758,0.23007231979655088,IM-weighted,21,1,0,False,252.0,08/2022
535,29-1229.06,Sports Medicine Physicians,0.2220834134153373,0.312998053095092,27,10,0.6348260618873727,0.6348260618873727,0.0,1.0160526315789473,0.7326315789473684,0.2220834134153373,IM-weighted,17,0,0,False,67.0,07/2012
536,29-1213.00,Dermatologists,0.21934940383618456,0.30852537362418037,18,7,0.6219543805080354,0.6219543805080354,0.0,1.159753171066164,0.7298594446348989,0.21934940383618456,IM-weighted,11,0,0,False,77.0,08/2021
537,29-1299.02,Orthoptists,0.2187591294186386,0.2621542236099411,16,7,0.5796085305287758,0.5796085305287758,0.0,0.8776928422515636,0.5406532314107018,0.2187591294186386,IM-weighted,9,0,0,False,28.0,08/2021
538,53-6051.01,Aviation Inspectors,0.21864901256732497,0.35449877601173535,13,4,0.7061041292639137,0.7061041292639137,0.0,1.5992669517409894,1.35247403787416,0.21864901256732497,IM-weighted,9,0,0,False,50.0,08/2021
539,29-1217.00,Neurologists,0.21794993813648042,0.2737354256324259,24,10,0.5864661654135338,0.5864661654135338,0.0,0.8089758342922899,0.5056386651323359,0.21794993813648042,IM-weighted,14,0,0,False,64.0,07/2012
540,53-2021.00,Air Traffic Controllers,0.21736806297988143,0.32263912980450526,23,8,0.671785401885509,0.6293128583924581,0.04247254349305084,1.8676339946698255,0.5629256736748594,0.21736806297988143,IM-weighted,15,0,0,False,159.0,07/2014
541,33-2022.00,Forest Fire Inspectors and Prevention Specialists,0.2166588124410933,0.3764016287635041,16,4,0.7420672321709079,0.7420672321709079,0.0,1.758830694275274,1.4805115712545676,0.2166588124410933,IM-weighted,12,0,0,False,57.0,08/2019
542,51-2022.00,Electrical and Electronic Equipment Assemblers,0.21649361022364216,0.3811077754922358,16,4,0.7538338658146965,0.7538338658146965,0.0,2.0,1.7942894224529526,0.21649361022364216,IM-weighted,12,0,0,False,72.0,07/2013
543,41-2011.00,Cashiers,0.21292990232290895,0.4045362285606279,28,6,0.7825658704752524,0.7825658704752524,0.0,2.0,2.0,0.21292990232290895,IM-weighted,22,0,0,False,64.0,08/2024
544,53-6011.00,Bridge and Lock Tenders,0.2127996106582309,0.4092871074953819,18,4,0.787200389341769,0.787200389341769,0.0,2.0,2.0,0.2127996106582309,IM-weighted,14,0,0,False,20.0,08/2020
545,51-2092.00,Team Assemblers,0.21207456336766686,0.36748843600573294,11,3,0.7189879086430812,0.7189879086430812,0.0,1.3561752988047808,1.3561752988047808,0.21207456336766686,IM-weighted,8,0,0,False,84.0,08/2020
546,27-4014.00,Sound Engineering Technicians,0.21054074573983467,0.35671706283431764,14,4,0.7342669141218153,0.7342669141218153,0.0,1.805079365079365,1.2666666666666666,0.21054074573983467,IM-weighted,10,0,0,False,25.0,08/2025
547,19-1031.03,Park Naturalists,0.20971760797342187,0.32023166835516753,20,7,0.6562846068660023,0.6562846068660023,0.0,0.9440193314538864,0.9621425694724125,0.20971760797342187,IM-weighted,13,0,0,False,68.0,08/2023
548,29-2031.00,Cardiovascular Technologists and Technicians,0.20960825833774485,0.38168731857922383,21,5,0.7658020116463738,0.7658020116463738,0.0,2.0,1.791139240506329,0.20960825833774485,IM-weighted,16,0,0,False,103.0,07/2014
549,19-3033.00,Clinical and Counseling Psychologists,0.2093020761839396,0.24973017308793138,30,14,0.5512182566918326,0.49476664378860674,0.056451612903225805,0.6287516727203212,0.3268973427642898,0.2093020761839396,IM-weighted,16,0,0,False,25.0,08/2024
550,29-2099.01,Neurodiagnostic Technologists,0.20915791599353795,0.3566692190919708,16,4,0.7425955842757136,0.7425955842757136,0.0,2.0,1.5005230125523012,0.20915791599353795,IM-weighted,12,0,0,False,31.0,08/2022
551,31-1122.00,Personal Care Aides,0.20852546635925387,0.29456229643311305,11,4,0.6290085935862504,0.6290085935862504,0.0,0.9977401129943502,0.4988700564971751,0.20852546635925387,IM-weighted,7,0,0,False,57.0,08/2023
552,29-1123.00,Physical Therapists,0.20839430299482978,0.33111349967361664,24,8,0.6750560920885768,0.6750560920885768,0.0,0.9285499849894926,0.9285499849894926,0.20839430299482978,IM-weighted,16,0,0,False,76.0,08/2020
553,51-3011.00,Bakers,0.20827421643234878,0.36631982120011497,18,5,0.7434541467818909,0.7434541467818909,0.0,1.6571141277023633,1.5902463549522374,0.20827421643234878,IM-weighted,13,0,0,False,85.0,07/2015
554,29-1011.00,Chiropractors,0.20640860428231564,0.3407919727470894,11,3,0.7268041237113403,0.7268041237113403,0.0,1.6937590711175616,1.350507982583454,0.20640860428231564,IM-weighted,8,0,0,False,61.0,07/2013
555,13-1074.00,Farm Labor Contractors,0.20627745860087868,0.3597641172720569,7,2,0.7022642784724569,0.7022642784724569,0.0,1.5085130533484676,1.0170261066969353,0.20627745860087868,IM-weighted,5,0,0,False,57.0,06/2008
556,49-2091.00,Avionics Technicians,0.20593869731800768,0.38528138206824625,13,3,0.7768199233716475,0.7768199233716475,0.0,2.0,2.0,0.20593869731800768,IM-weighted,10,0,0,False,87.0,07/2015
557,11-1031.00,Legislators,0.20416666666666664,0.2425629929637981,30,14,0.5333333333333333,0.5,0.03333333333333333,0.42857142857142855,0.21428571428571427,,unweighted,16,30,0,False,,
558,29-1128.00,Exercise Physiologists,0.20348722986247544,0.2862112274750902,25,9,0.6480353634577604,0.6480353634577604,0.0,1.0826123360312587,0.6731789003628245,0.20348722986247544,IM-weighted,16,0,0,False,22.0,08/2020
559,29-2035.00,Magnetic Resonance Imaging Technologists,0.2027762145938848,0.37026543785618576,24,6,0.7602701181767024,0.7602701181767024,0.0,1.6541471048513303,1.6541471048513303,0.2027762145938848,IM-weighted,18,0,0,False,23.0,08/2023
560,49-2096.00,"Electronic Equipment Installers and Repairers, Motor Vehicles",0.20258706467661694,0.3745023545507033,12,3,0.7548258706467661,0.7548258706467661,0.0,1.6525974025974026,1.305194805194805,0.20258706467661694,IM-weighted,9,0,0,False,68.0,07/2016
561,51-4081.00,"Multiple Machine Tool Setters, Operators, and Tenders, Metal and Plastic",0.20100562672093855,0.3739003274867699,21,5,0.7705016161858014,0.7705016161858014,0.0,1.8080333854981738,1.8080333854981738,0.20100562672093855,IM-weighted,16,0,0,False,51.0,08/2021
562,25-2055.00,"Special Education Teachers, Kindergarten",0.2,0.30379543555930305,30,11,0.6333333333333333,0.6333333333333333,0.0,0.8181818181818182,0.6363636363636364,,unweighted,19,30,0,False,,
563,21-1011.00,Substance Abuse and Behavioral Disorder Counselors,0.19964082609997005,0.2664368535403271,23,9,0.6043100868003591,0.6043100868003591,0.0,1.0206757438224914,0.35098335854765517,0.19964082609997005,IM-weighted,14,0,0,False,54.0,08/2021
564,29-1129.01,Art Therapists,0.1994610534878991,0.27104823177413173,25,10,0.6029082774049217,0.6029082774049217,0.0,0.602304737516005,0.5354673495518566,0.1994610534878991,IM-weighted,15,0,0,False,32.0,08/2021
565,29-1141.01,Acute Care Nurses,0.19829753686184268,0.28643295804205976,27,10,0.6456149322423933,0.6456149322423933,0.0,1.028860028860029,0.6358826358826358,0.19829753686184268,IM-weighted,17,0,0,False,21.0,08/2025
566,29-1131.00,Veterinarians,0.19802121350364962,0.31549625058038205,21,7,0.6740419708029196,0.6740419708029196,0.0,0.927921623512946,0.805108467459762,0.19802121350364962,IM-weighted,14,0,0,False,77.0,08/2020
567,45-4022.00,Logging Equipment Operators,0.19708846584546474,0.3977997014530627,9,2,0.8029115341545353,0.8029115341545353,0.0,2.0,2.0,0.19708846584546474,IM-weighted,7,0,0,False,58.0,07/2017
568,51-4062.00,"Patternmakers, Metal and Plastic",0.19690484772030994,0.3677699953295479,15,3,0.7740133357361686,0.7740133357361686,0.0,2.0,1.6363636363636365,0.19690484772030994,IM-weighted,12,0,0,False,72.0,07/2017
569,31-9091.00,Dental Assistants,0.1966618287373004,0.39747446943797676,16,3,0.8033381712626996,0.8033381712626996,0.0,2.0,2.0,0.1966618287373004,IM-weighted,13,0,0,False,63.0,08/2021
570,39-5091.00,"Makeup Artists, Theatrical and Performance",0.19620152574698024,0.25001246518998593,22,9,0.600127145581691,0.600127145581691,0.0,0.3441971383147853,0.581081081081081,0.19620152574698024,IM-weighted,13,0,0,False,21.0,08/2025
571,21-1014.00,Mental Health Counselors,0.1938448201127005,0.3030423658980465,27,10,0.6377113133940181,0.6050281751192024,0.03268313827481578,0.8578607322325916,0.7817659727207467,0.1938448201127005,IM-weighted,17,0,0,False,28.0,08/2025
572,49-9061.00,Camera and Photographic Equipment Repairers,0.19376945693531653,0.353075181795139,15,4,0.7613282601176063,0.7613282601176063,0.0,1.7108695652173913,1.5420289855072467,0.19376945693531653,IM-weighted,11,0,0,False,52.0,07/2015
573,53-4041.00,Subway and Streetcar Operators,0.19325153374233128,0.394848551280827,10,2,0.8067484662576687,0.8067484662576687,0.0,2.0,2.0,0.19325153374233128,IM-weighted,8,0,0,False,90.0,08/2021
574,51-9141.00,Semiconductor Processing Technicians,0.19301712779973654,0.382353896491225,20,4,0.7942268535153911,0.7942268535153911,0.0,2.0,1.7520372526193246,0.19301712779973654,IM-weighted,16,0,0,False,91.0,12/2006
575,29-9091.00,Athletic Trainers,0.19185033172157887,0.3219850559071662,23,7,0.716406162150006,0.716406162150006,0.0,1.196669310071372,1.0392545598731167,0.19185033172157887,IM-weighted,16,0,0,False,55.0,08/2021
576,25-2023.00,"Career/Technical Education Teachers, Middle School",0.19172350888324877,0.2973434352869525,31,10,0.6744923857868019,0.6744923857868019,0.0,1.0148635477582844,0.9074074074074071,0.19172350888324877,IM-weighted,21,0,0,False,69.0,08/2018
577,25-9042.00,"Teaching Assistants, Preschool, Elementary, Middle, and Secondary School, Except Special Education",0.18980272047563287,0.3765964627706396,28,6,0.7928114584271688,0.7928114584271688,0.0,1.8321739130434782,1.8321739130434782,0.18980272047563287,IM-weighted,22,0,0,False,60.0,08/2024
578,37-2021.00,Pest Control Workers,0.1896841066140178,0.3417277235354069,13,3,0.7512339585389932,0.7512339585389932,0.0,1.3666666666666665,1.3666666666666665,0.1896841066140178,IM-weighted,10,0,0,False,122.0,07/2015
579,29-1241.00,"Ophthalmologists, Except Pediatric",0.1896437578814628,0.2644997821475812,18,6,0.6504413619167716,0.6504413619167716,0.0,0.834054834054834,0.6713564213564214,0.1896437578814628,IM-weighted,12,0,0,False,49.0,08/2022
580,51-4023.00,"Rolling Machine Setters, Operators, and Tenders, Metal and Plastic",0.1896379886831276,0.36888916010179096,19,4,0.7902520576131685,0.7902520576131685,0.0,2.0,2.0,0.1896379886831276,IM-weighted,15,0,0,False,83.0,08/2018
581,45-2041.00,"Graders and Sorters, Agricultural Products",0.18944519621109607,0.39186185556090475,5,1,0.8105548037889038,0.8105548037889038,0.0,2.0,2.0,0.18944519621109607,IM-weighted,4,0,0,True,53.0,07/2017
582,25-2022.00,"Middle School Teachers, Except Special and Career/Technical Education",0.1887588306027356,0.2797376870164383,35,12,0.6609800090184879,0.6327220802645424,0.028257928753945585,0.8949235202837508,0.6546220350254933,0.1887588306027356,IM-weighted,23,0,0,False,70.0,08/2024
583,27-4031.00,"Camera Operators, Television, Video, and Film",0.18802690841898598,0.29991805377517844,21,7,0.6930361473611271,0.6930361473611271,0.0,0.6324303987960873,1.1207674943566592,0.18802690841898598,IM-weighted,14,0,0,False,57.0,08/2019
584,51-6061.00,Textile Bleaching and Dyeing Machine Operators and Tenders,0.18748743213352104,0.364398927848911,23,5,0.779107178765333,0.779107178765333,0.0,2.0,1.3950842057350934,0.18748743213352104,IM-weighted,18,0,0,False,49.0,08/2023
585,51-2021.00,"Coil Winders, Tapers, and Finishers",0.1873780091086532,0.39021467272660404,11,2,0.8126219908913468,0.8126219908913468,0.0,2.0,2.0,0.1873780091086532,IM-weighted,9,0,0,False,56.0,07/2017
586,49-2093.00,"Electrical and Electronics Installers and Repairers, Transportation Equipment",0.1864147322244562,0.3800621648188285,15,3,0.8053372326814112,0.8053372326814112,0.0,2.0,2.0,0.1864147322244562,IM-weighted,12,0,0,False,52.0,08/2019
587,21-1013.00,Marriage and Family Therapists,0.1840271983981312,0.3025440350369447,15,5,0.6858001001168029,0.6325713332220925,0.053228766894710504,1.0260223048327137,0.8470525756771109,0.1840271983981312,IM-weighted,10,0,0,False,72.0,08/2020
588,39-3012.00,Gambling and Sports Book Writers and Runners,0.18341419816138918,0.36871659651014926,18,4,0.7889427987742595,0.7889427987742595,0.0,2.0,1.4761040532365397,0.18341419816138918,IM-weighted,14,0,0,False,90.0,07/2014
589,29-1129.02,Music Therapists,0.183359968038354,0.2769102055778645,30,11,0.6620055932880542,0.6284458649620456,0.03355972832600879,0.8085106382978725,0.5314420803782507,0.183359968038354,IM-weighted,19,0,0,False,26.0,08/2021
590,39-9032.00,Recreation Workers,0.18274406332453824,0.30344610947675116,24,7,0.7097625329815304,0.7097625329815304,0.0,1.1632727272727272,0.725090909090909,0.18274406332453824,IM-weighted,17,0,0,False,83.0,07/2017
591,19-4012.00,Agricultural Technicians,0.1822672560715807,0.3485194607082733,26,6,0.7765232211333617,0.7765232211333617,0.0,1.830791229742612,1.5,0.1822672560715807,IM-weighted,20,0,0,False,56.0,08/2024
592,31-9093.00,Medical Equipment Preparers,0.18226059069212414,0.35862668474022624,15,3,0.7919152744630072,0.7919152744630072,0.0,2.0,1.6666666666666667,0.18226059069212414,IM-weighted,12,0,0,False,79.0,07/2014
593,33-1011.00,First-Line Supervisors of Correctional Officers,0.18204791266552103,0.29859829708028407,23,7,0.7106034569897907,0.6629940361872029,0.04760942080258768,1.3010827803003842,0.731400628711142,0.18204791266552103,IM-weighted,16,0,0,False,95.0,08/2020
594,29-1221.00,"Pediatricians, General",0.18080638387232253,0.3012572947048637,17,6,0.7093658126837463,0.7093658126837463,0.0,1.1941233140655108,0.7914258188824663,0.18080638387232253,IM-weighted,11,0,0,False,65.0,08/2020
595,51-6062.00,"Textile Cutting Machine Setters, Operators, and Tenders",0.1807446091644205,0.3587016609119893,18,4,0.7769541778975743,0.7769541778975743,0.0,1.7474320241691843,1.4948640483383686,0.1807446091644205,IM-weighted,14,0,0,False,69.0,08/2019
596,43-5052.00,Postal Service Mail Carriers,0.1804013902903913,0.38452142810470946,21,4,0.8195986097096086,0.8195986097096086,0.0,2.0,2.0,0.1804013902903913,IM-weighted,17,0,0,False,109.0,07/2016
597,51-4191.00,"Heat Treating Equipment Setters, Operators, and Tenders, Metal and Plastic",0.18001371533069188,0.37040096277475737,23,4,0.8080869653560907,0.8080869653560907,0.0,2.0,2.0,0.18001371533069188,IM-weighted,19,0,0,False,70.0,07/2016
598,53-3054.00,Taxi Drivers,0.1796875,0.31240232848644073,16,4,0.75,0.75,0.0,1.75,1.0,,unweighted,12,16,0,False,,
599,17-3029.08,Photonics Technicians,0.17956874712114232,0.3502350595744038,24,5,0.787770612620912,0.787770612620912,0.0,1.8030385241454154,1.8030385241454154,0.17956874712114232,IM-weighted,19,0,0,False,22.0,08/2024
600,29-1141.02,Advanced Practice Psychiatric Nurses,0.17845402928578546,0.2928446762981198,24,8,0.6968821595776472,0.6968821595776472,0.0,0.9431482090042721,0.6460729543213933,0.17845402928578546,IM-weighted,16,0,0,False,23.0,08/2023
601,29-2032.00,Diagnostic Medical Sonographers,0.17619275885404917,0.35180430828212567,20,4,0.7974283780735394,0.7524249943604782,0.04500338371306114,2.0,1.7316258351893097,0.17619275885404917,IM-weighted,16,0,0,False,116.0,07/2013
602,29-1223.00,Psychiatrists,0.17521389284986755,0.23941101908385745,12,5,0.6005296394377673,0.5100835200651863,0.09044611937258096,0.8103008669046404,0.34931157572667004,0.17521389284986755,IM-weighted,7,0,0,False,108.0,07/2014
603,53-3052.00,"Bus Drivers, Transit and Intercity",0.17457186030893215,0.3429593604819782,14,3,0.79012760241773,0.79012760241773,0.0,2.0,1.3272,0.17457186030893215,IM-weighted,11,0,0,False,96.0,08/2018
604,29-2012.00,Medical and Clinical Laboratory Technicians,0.17182465660505342,0.32646336822752386,13,3,0.7710700356113278,0.7710700356113278,0.0,1.6681481481481482,1.336296296296296,0.17182465660505342,IM-weighted,10,0,0,False,124.0,07/2014
605,25-2032.00,"Career/Technical Education Teachers, Secondary School",0.17158228827991948,0.27093868812402677,33,11,0.6703050007741136,0.6703050007741136,0.0,0.8992721296078894,0.7154261563747359,0.17158228827991948,IM-weighted,22,0,0,False,116.0,08/2025
606,51-3093.00,Food Cooking Machine Operators and Tenders,0.17115668140999865,0.3683020731420665,17,3,0.8217397131751776,0.8217397131751776,0.0,2.0,2.0,0.17115668140999865,IM-weighted,14,0,0,False,58.0,08/2021
607,47-4071.00,Septic Tank Servicers and Sewer Pipe Cleaners,0.1708813219829745,0.3635903207163702,22,4,0.8164747120681022,0.8164747120681022,0.0,2.0,1.7244201909959074,0.1708813219829745,IM-weighted,18,0,0,False,70.0,07/2017
608,45-2092.00,"Farmworkers and Laborers, Crop, Nursery, and Greenhouse",0.17052041380399585,0.3584307312107706,27,5,0.8104872463081418,0.8104872463081418,0.0,1.7946912242686892,1.7946912242686892,0.1770788912579957,IM-weighted,22,1,0,False,158.0,08/2022
609,49-9064.00,Watch and Clock Repairers,0.17000230485556236,0.35315073082966947,15,3,0.8037799631223109,0.8037799631223109,0.0,1.6436961628817541,1.6436961628817541,0.17000230485556236,IM-weighted,12,0,0,False,53.0,08/2018
610,53-5031.00,Ship Engineers,0.1695398398262522,0.3373184402840968,17,4,0.7764354554092574,0.7764354554092574,0.0,1.5166970248937461,1.276259866423801,0.1695398398262522,IM-weighted,13,0,0,False,47.0,08/2024
611,31-9096.00,Veterinary Assistants and Laboratory Animal Caretakers,0.1688428874734607,0.34105850085531547,28,6,0.7910828025477707,0.7910828025477707,0.0,1.6621951219512194,1.4853658536585368,0.1688428874734607,IM-weighted,22,0,0,False,65.0,08/2020
612,51-3021.00,Butchers and Meat Cutters,0.1685001057753332,0.3608387514651187,11,2,0.8201819335730909,0.8201819335730909,0.0,2.0,2.0,0.1685001057753332,IM-weighted,9,0,0,False,81.0,07/2016
613,25-2051.00,"Special Education Teachers, Preschool",0.16846367801047116,0.27152436058806023,36,12,0.6833769633507851,0.6833769633507851,0.0,0.7649855312112444,0.4954526663910708,0.16846367801047116,IM-weighted,24,0,0,False,65.0,08/2019
614,29-1122.00,Occupational Therapists,0.1682440096412874,0.2834237461084239,17,5,0.7100524599461222,0.7100524599461222,0.0,1.0420537897310511,0.8210268948655255,0.1682440096412874,IM-weighted,12,0,0,False,22.0,08/2021
615,51-7011.00,Cabinetmakers and Bench Carpenters,0.16797630560928437,0.3446204117024703,20,4,0.8080270793036749,0.8080270793036749,0.0,2.0,2.0,0.16797630560928437,IM-weighted,16,0,0,False,61.0,07/2015
616,21-1023.00,Mental Health and Substance Abuse Social Workers,0.16596577726218095,0.2123038883711569,13,6,0.577339520494973,0.577339520494973,0.0,0.31518755718206776,0.3412625800548948,0.16596577726218095,IM-weighted,7,0,0,False,69.0,08/2021
617,25-2056.00,"Special Education Teachers, Elementary School",0.1653793208932395,0.2567848017836534,30,10,0.675053533190578,0.675053533190578,0.0,0.8343139562249943,0.4142151094375148,0.1653793208932395,IM-weighted,20,0,0,False,78.0,08/2025
618,53-2011.00,"Airline Pilots, Copilots, and Flight Engineers",0.16467269720844274,0.3350252446658008,24,6,0.7790098239470868,0.7790098239470868,0.0,1.4256161971830987,1.4256161971830987,0.16467269720844274,IM-weighted,18,0,0,False,75.0,08/2021
619,53-3051.00,"Bus Drivers, School",0.1646217105263158,0.362220316320011,17,3,0.8281578947368422,0.7732894736842105,0.05486842105263158,2.0,2.0,0.1646217105263158,IM-weighted,14,0,0,False,60.0,08/2025
620,29-1215.00,Family Medicine Physicians,0.16423290203327168,0.3010449504769338,12,3,0.7691312384473197,0.7691312384473197,0.0,1.399519615692554,1.291433146517214,0.16423290203327168,IM-weighted,9,0,0,False,59.0,08/2020
621,53-7062.00,"Laborers and Freight, Stock, and Material Movers, Hand",0.16411598872331856,0.3703807918462918,13,2,0.8358840112766813,0.8358840112766813,0.0,2.0,2.0,0.16411598872331856,IM-weighted,11,0,0,False,77.0,08/2024
622,29-2056.00,Veterinary Technologists and Technicians,0.16386562407352512,0.3510034389078606,31,6,0.814037948413875,0.814037948413875,0.0,1.683140693503388,1.683140693503388,0.16386562407352512,IM-weighted,25,0,0,False,81.0,08/2020
623,49-9043.00,"Maintenance Workers, Machinery",0.16375232908126697,0.3619121862566658,18,3,0.8294395872151352,0.8294395872151352,0.0,2.0,2.0,0.16375232908126697,IM-weighted,15,0,0,False,61.0,08/2024
624,51-4041.00,Machinists,0.16359177474963063,0.3086849516111207,29,7,0.7607125266787063,0.7607125266787063,0.0,1.4600343053173244,1.1578044596912522,0.16359177474963063,IM-weighted,22,0,0,False,82.0,08/2020
625,53-7011.00,Conveyor Operators and Tenders,0.1634459145775302,0.3384612743209647,20,4,0.7987465181058497,0.7987465181058497,0.0,1.754325259515571,1.4942329873125724,0.1634459145775302,IM-weighted,16,0,0,False,106.0,07/2017
626,39-7011.00,Tour Guides and Escorts,0.16313474610155937,0.33694361106483467,19,4,0.7970145275223244,0.7970145275223244,0.0,1.2147078135259357,1.7281680892974391,0.16313474610155937,IM-weighted,15,0,0,False,74.0,08/2020
627,51-9071.00,Jewelers and Precious Stone and Metal Workers,0.16032655897168666,0.33662496781160767,30,6,0.795205836373111,0.795205836373111,0.0,1.3672603901611537,1.6997455470737914,0.16032655897168666,IM-weighted,24,0,0,False,63.0,08/2025
628,51-9071.06,Gem and Diamond Workers,0.15998118371536094,0.3193387282943888,14,3,0.77933629832364,0.77933629832364,0.0,1.4000000000000001,1.4000000000000001,0.15998118371536094,IM-weighted,11,0,0,False,75.0,06/2008
629,39-3092.00,Costume Attendants,0.15894772117962466,0.309810055881616,21,5,0.773994638069705,0.773994638069705,0.0,1.0516014234875444,1.4839857651245552,0.15894772117962466,IM-weighted,16,0,0,False,115.0,07/2016
630,47-2141.00,"Painters, Construction and Maintenance",0.15892266498661206,0.34949776783179315,17,3,0.8226492361001732,0.8226492361001732,0.0,1.7229129662522202,1.7229129662522202,0.15892266498661206,IM-weighted,14,0,0,False,60.0,08/2025
631,47-2111.00,Electricians,0.15817838466008136,0.3321946586670183,21,4,0.8099941894247531,0.8099941894247531,0.0,2.0,1.7168195718654438,0.15817838466008136,IM-weighted,17,0,0,False,57.0,08/2022
632,25-2021.00,"Elementary School Teachers, Except Special Education",0.1579223671651289,0.27024472067789895,38,11,0.7095132039452752,0.7095132039452752,0.0,0.9027382256297919,0.6372398685651699,0.1579223671651289,IM-weighted,27,0,0,False,62.0,08/2024
633,33-3012.00,Correctional Officers and Jailers,0.15667020523708422,0.3347947087973014,27,5,0.8166135881104033,0.8166135881104033,0.0,2.0,1.417269657501206,0.15667020523708422,IM-weighted,22,0,0,False,81.0,08/2023
634,39-5012.00,"Hairdressers, Hairstylists, and Cosmetologists",0.15647659854976928,0.34096452409677336,22,4,0.8094924192485168,0.8094924192485168,0.0,1.5282583621683967,1.5282583621683967,0.15647659854976928,IM-weighted,18,0,0,False,67.0,07/2016
635,31-9099.02,Endoscopy Technicians,0.15592501368363437,0.3109282469993486,12,3,0.7699324940704251,0.7699324940704251,0.0,1.034892942109437,1.034892942109437,0.15592501368363437,IM-weighted,9,0,0,False,26.0,08/2023
636,29-1229.04,Physical Medicine and Rehabilitation Physicians,0.15494931654123792,0.27217112403952165,15,4,0.7273844263553986,0.7273844263553986,0.0,1.0140845070422535,0.5329577464788733,0.15494931654123792,IM-weighted,11,0,0,False,67.0,07/2012
637,27-1026.00,Merchandise Displayers and Window Trimmers,0.15210027100271004,0.24490885030818332,24,7,0.7061246612466127,0.7061246612466127,0.0,0.27886388786425675,0.8616746587974917,0.15210027100271004,IM-weighted,17,0,0,False,66.0,07/2015
638,45-4023.00,Log Graders and Scalers,0.15104268173845253,0.335759935507629,12,2,0.8282985772753849,0.8282985772753849,0.0,2.0,1.5187287173666288,0.15104268173845253,IM-weighted,10,0,0,False,76.0,07/2017
639,29-1125.00,Recreational Therapists,0.150879705400982,0.25647854355354993,11,3,0.7401800327332243,0.7401800327332243,0.0,1.0,0.6456692913385828,0.150879705400982,IM-weighted,8,0,0,False,38.0,08/2022
640,19-4092.00,Forensic Science Technicians,0.15068142227687265,0.30751953936470594,24,5,0.7943436827543806,0.7943436827543806,0.0,1.617339312406577,1.244145490782262,0.15068142227687265,IM-weighted,19,0,0,False,83.0,08/2023
641,35-2013.00,"Cooks, Private Household",0.14998116406102843,0.2936899161241354,13,3,0.7400640421925032,0.7400640421925032,0.0,0.9833333333333333,0.6463768115942029,0.14998116406102843,IM-weighted,10,0,0,False,26.0,08/2023
642,43-9051.00,"Mail Clerks and Mail Machine Operators, Except Postal Service",0.14961846807688592,0.3507234720187293,26,4,0.8455520139090118,0.8455520139090118,0.0,2.0,2.0,0.14961846807688592,IM-weighted,22,0,0,False,86.0,07/2016
643,53-3033.00,Light Truck Drivers,0.14865689865689868,0.3429158751383253,13,2,0.841095412523984,0.7760334903192045,0.06506192220477935,2.0,2.0,0.14865689865689868,IM-weighted,11,0,0,False,77.0,08/2023
644,51-8013.03,Biomass Plant Technicians,0.14840936374549815,0.3478094921056758,18,3,0.8454048285981058,0.8454048285981058,0.0,2.0,2.0,0.14840936374549815,IM-weighted,15,0,0,False,144.0,08/2020
645,31-2022.00,Physical Therapist Aides,0.1478586442459275,0.3408707467473157,19,3,0.8390698896479244,0.8390698896479244,0.0,2.0,1.6751020408163264,0.1478586442459275,IM-weighted,16,0,0,False,59.0,08/2023
646,47-2031.00,Carpenters,0.1478445933707662,0.3218526565422368,29,5,0.8199601521463502,0.8199601521463502,0.0,2.0,1.181086519114688,0.1478445933707662,IM-weighted,24,0,0,False,122.0,08/2022
647,51-8021.00,Stationary Engineers and Boiler Operators,0.14671228139511905,0.30602643876557045,25,5,0.7992293251654975,0.7992293251654975,0.0,1.6171259842519685,1.0187007874015745,0.14671228139511905,IM-weighted,20,0,0,False,66.0,08/2023
648,35-9031.00,"Hosts and Hostesses, Restaurant, Lounge, and Coffee Shop",0.14642377229416076,0.29305180220434607,20,5,0.7791351087222087,0.7791351087222087,0.0,1.2964601769911503,0.790929203539823,0.14642377229416076,IM-weighted,15,0,0,False,62.0,08/2025
649,49-3041.00,Farm Equipment Mechanics and Service Technicians,0.1460770818995182,0.35318347645839787,14,2,0.8539229181004816,0.8539229181004816,0.0,2.0,2.0,0.1460770818995182,IM-weighted,12,0,0,False,92.0,08/2025
650,33-3051.00,Police and Sheriff's Patrol Officers,0.1456226231895785,0.2914340544071223,30,6,0.7945626668824339,0.7945626668824339,0.0,1.6593146908231589,1.0114218196140214,0.1456226231895785,IM-weighted,24,0,0,False,212.0,08/2022
651,49-9021.00,"Heating, Air Conditioning, and Refrigeration Mechanics and Installers",0.14545130535507442,0.3332986201035242,30,5,0.8315958299919808,0.8315958299919808,0.0,1.7822222222222224,1.5644444444444445,0.15584068430900833,IM-weighted,25,2,0,False,111.0,08/2022
652,53-6031.00,Automotive and Watercraft Service Attendants,0.14494004360465118,0.328902478735875,14,3,0.8130450581395349,0.8130450581395349,0.0,1.6404275996112732,1.280855199222546,0.14494004360465118,IM-weighted,11,0,0,False,85.0,07/2016
653,29-1141.00,Registered Nurses,0.14487970120733085,0.24769797574302999,27,8,0.7114566142621385,0.7114566142621385,0.0,0.6411800120409392,0.50842865743528,0.14487970120733085,IM-weighted,19,0,0,False,91.0,08/2021
654,27-1023.00,Floral Designers,0.14450112467866325,0.25120969410045896,15,4,0.7275064267352184,0.7275064267352184,0.0,1.0023584905660377,0.48997641509433965,0.14450112467866325,IM-weighted,11,0,0,False,50.0,07/2015
655,43-5053.00,"Postal Service Mail Sorters, Processors, and Processing Machine Operators",0.14447831978319783,0.35157408166106596,14,2,0.8555216802168024,0.8555216802168024,0.0,2.0,2.0,0.14447831978319783,IM-weighted,12,0,0,False,105.0,07/2016
656,53-4013.00,"Rail Yard Engineers, Dinkey Operators, and Hostlers",0.14425860821011274,0.3226362197727672,23,4,0.8270085823596318,0.7825457553510495,0.04446282700858236,2.0,1.2002390914524805,0.14425860821011274,IM-weighted,19,0,0,False,79.0,08/2021
657,21-2011.00,Clergy,0.14389833409402103,0.2576376321940482,21,6,0.7101780009128252,0.6694431766316752,0.04073482428115016,0.6488188976377952,0.5090551181102362,0.14389833409402103,IM-weighted,15,0,0,False,65.0,08/2023
658,33-3031.00,Fish and Game Wardens,0.14248965592334495,0.27076871249880663,24,6,0.7569686411149826,0.7569686411149826,0.0,1.1420250896057347,0.7741935483870966,0.14248965592334495,IM-weighted,18,0,0,False,103.0,07/2014
659,51-3092.00,Food Batchmakers,0.14180953656576478,0.3247772017877761,25,4,0.8381998392713634,0.8381998392713634,0.0,2.0,1.748344370860927,0.14180953656576478,IM-weighted,21,0,0,False,57.0,08/2021
660,51-6063.00,"Textile Knitting and Weaving Machine Setters, Operators, and Tenders",0.14115038797881513,0.3241135989127229,19,3,0.8384037443034856,0.8384037443034856,0.0,2.0,1.6608231707317072,0.14115038797881513,IM-weighted,16,0,0,False,67.0,08/2023
661,25-2058.00,"Special Education Teachers, Secondary School",0.1400012753475322,0.25462448374896873,40,10,0.7472261191174596,0.7472261191174596,0.0,1.1077194752774975,0.6046922300706357,0.1400012753475322,IM-weighted,30,0,0,False,108.0,08/2025
662,33-9032.00,Security Guards,0.13916355973415462,0.28532360811894386,14,3,0.8067758145566541,0.8067758145566541,0.0,1.6140939597315438,1.3859060402684564,0.13916355973415462,IM-weighted,11,0,0,False,53.0,08/2023
663,39-3011.00,Gambling Dealers,0.13794182045667813,0.3448389111248551,21,3,0.862058179543322,0.862058179543322,0.0,2.0,2.0,0.13794182045667813,IM-weighted,18,0,0,False,90.0,08/2019
664,29-1211.00,Anesthesiologists,0.13773475688191406,0.2896828680075308,18,4,0.8029328531000771,0.7501929508618471,0.05273990223822999,1.5456919060052219,1.0456919060052217,0.13773475688191406,IM-weighted,14,0,0,False,101.0,07/2012
665,35-3011.00,Bartenders,0.13765489829319622,0.29952862337226593,20,4,0.8141220481646015,0.8141220481646015,0.0,1.1132075471698115,1.5132075471698114,0.13765489829319622,IM-weighted,16,0,0,False,65.0,07/2017
666,47-5013.00,"Service Unit Operators, Oil and Gas",0.13688050479821218,0.3165701588740336,19,3,0.837123701853556,0.837123701853556,0.0,1.6844229217110571,1.6844229217110571,0.13688050479821218,IM-weighted,16,0,0,False,49.0,07/2013
667,25-2057.00,"Special Education Teachers, Middle School",0.13621283255086072,0.24666090925514417,40,10,0.7404694835680752,0.7404694835680752,0.0,0.8986975397973952,0.4975880366618427,0.13621283255086072,IM-weighted,30,0,0,False,60.0,08/2025
668,47-2171.00,Reinforcing Iron and Rebar Workers,0.13547585227272727,0.31652435007375745,7,1,0.8451704545454546,0.8451704545454546,0.0,2.0,2.0,0.13547585227272727,IM-weighted,6,0,0,False,66.0,07/2015
669,45-2021.00,Animal Breeders,0.1351149150107733,0.3267741834534989,21,3,0.8514484079482882,0.8514484079482882,0.0,2.0,1.6381950040290088,0.1351149150107733,IM-weighted,18,0,0,False,53.0,08/2018
670,51-8031.00,Water and Wastewater Treatment Plant and System Operators,0.1347900113507378,0.341499142298785,8,1,0.8652099886492622,0.8652099886492622,0.0,2.0,2.0,0.1347900113507378,IM-weighted,7,0,0,False,24.0,08/2025
671,49-9071.00,"Maintenance and Repair Workers, General",0.13272500509061289,0.3156252485460029,27,4,0.8481979230299327,0.8481979230299327,0.0,2.0,1.7464788732394367,0.13272500509061289,IM-weighted,23,0,0,False,168.0,08/2021
672,51-6093.00,Upholsterers,0.13196917427108837,0.3044237020861913,22,4,0.8189405742265745,0.8189405742265745,0.0,1.5390288875230484,1.2716656422864165,0.13196917427108837,IM-weighted,18,0,0,False,56.0,07/2016
673,49-9031.00,Home Appliance Repairers,0.13110117786628253,0.2982429856698761,29,5,0.8195915600372851,0.8195915600372851,0.0,1.59981211836543,1.0117426021606388,0.13110117786628253,IM-weighted,24,0,0,False,65.0,08/2018
674,51-8013.04,Hydroelectric Plant Technicians,0.13021436848203935,0.3222592076572061,21,3,0.8572421784472769,0.8572421784472769,0.0,2.0,1.6485389610389611,0.13021436848203935,IM-weighted,18,0,0,False,85.0,08/2024
675,51-9021.00,"Crushing, Grinding, and Polishing Machine Setters, Operators, and Tenders",0.12849509133838696,0.3202665402998014,21,3,0.8589536473219834,0.8589536473219834,0.0,2.0,1.6440528634361233,0.12849509133838696,IM-weighted,18,0,0,False,49.0,08/2024
676,29-1122.01,"Low Vision Therapists, Orientation and Mobility Specialists, and Vision Rehabilitation Therapists",0.1272719478737997,0.21608565922145662,21,6,0.7253086419753085,0.7253086419753085,0.0,0.5110278818143986,0.3533083645443196,0.1272719478737997,IM-weighted,15,0,0,False,23.0,08/2021
677,33-3011.00,Bailiffs,0.12690914816564322,0.33287117069147637,15,2,0.8730908518343568,0.8730908518343568,0.0,2.0,2.0,0.12690914816564322,IM-weighted,13,0,0,False,52.0,08/2020
678,29-1151.00,Nurse Anesthetists,0.12676941702365432,0.2714421950472209,24,5,0.8044328552803129,0.7611287018066678,0.043304153473645,0.9966666666666667,0.9966666666666667,0.12676941702365432,IM-weighted,19,0,0,False,27.0,08/2021
679,31-2021.00,Physical Therapist Assistants,0.1263071707653413,0.284778056119379,21,4,0.812801654792002,0.812801654792002,0.0,1.2283609576427255,1.2283609576427255,0.1263071707653413,IM-weighted,17,0,0,False,60.0,08/2020
680,49-2092.00,"Electric Motor, Power Tool, and Related Repairers",0.12625902299815345,0.3225496937006993,31,4,0.8653684740641264,0.8653684740641264,0.0,2.0,1.7512468827930177,0.12625902299815345,IM-weighted,27,0,0,False,69.0,07/2017
681,29-2091.00,Orthotists and Prosthetists,0.12613957874882115,0.2908061479129238,15,3,0.8225400817353034,0.8225400817353034,0.0,0.8432240921169176,1.421612046058459,0.12613957874882115,IM-weighted,12,0,0,False,21.0,08/2024
682,51-4051.00,Metal-Refining Furnace Operators and Tenders,0.12595565749235477,0.32088378462072337,15,2,0.865902140672783,0.865902140672783,0.0,2.0,2.0,0.12595565749235477,IM-weighted,13,0,0,False,64.0,08/2018
683,33-3052.00,Transit and Railroad Police,0.12523729171060957,0.28750626417497294,12,2,0.8363214511706392,0.8363214511706392,0.0,1.5605670103092784,1.5605670103092784,0.12523729171060957,IM-weighted,10,0,0,False,95.0,07/2017
684,29-1242.00,"Orthopedic Surgeons, Except Pediatric",0.125,0.26614532371118854,15,3,0.8,0.8,0.0,1.3333333333333333,1.0,,unweighted,12,15,0,False,,
685,29-1243.00,Pediatric Surgeons,0.125,0.2825970826302195,18,3,0.8333333333333334,0.7222222222222222,0.1111111111111111,1.6666666666666667,1.3333333333333333,,unweighted,15,18,0,False,,
686,29-1126.00,Respiratory Therapists,0.12459241899327494,0.3134116406556541,22,3,0.8580599144079887,0.8580599144079887,0.0,1.6740847092605886,1.6740847092605886,0.12459241899327494,IM-weighted,19,0,0,False,113.0,07/2013
687,29-1141.03,Critical Care Nurses,0.12385132917623894,0.2572309483678052,29,6,0.7974236954381358,0.7974236954381358,0.0,1.2158768732280276,0.6751721344673958,0.12385132917623894,IM-weighted,23,0,0,False,28.0,08/2021
688,31-9011.00,Massage Therapists,0.12322104125382814,0.30078765505892374,14,2,0.8486759142496848,0.8486759142496848,0.0,1.5047619047619047,1.5047619047619047,0.12322104125382814,IM-weighted,12,0,0,False,26.0,08/2021
689,51-9051.00,"Furnace, Kiln, Oven, Drier, and Kettle Operators and Tenders",0.12312444836716682,0.3285800033195077,17,2,0.8768755516328332,0.8768755516328332,0.0,2.0,2.0,0.12312444836716682,IM-weighted,15,0,0,False,78.0,07/2015
690,29-1021.00,"Dentists, General",0.12260090729324181,0.2408234737915156,20,5,0.768174944748168,0.768174944748168,0.0,0.8344204716507777,0.6076266934269946,0.12260090729324181,IM-weighted,15,0,0,False,73.0,07/2014
691,51-4035.00,"Milling and Planing Machine Setters, Operators, and Tenders, Metal and Plastic",0.1214915797914996,0.3152200713682656,15,2,0.8700882117080995,0.8700882117080995,0.0,2.0,2.0,0.1214915797914996,IM-weighted,13,0,0,False,58.0,08/2023
692,19-3039.03,Clinical Neuropsychologists,0.1210754525889353,0.2345618345196509,18,4,0.770477275604507,0.770477275604507,0.0,0.9790402647545505,0.49862107004964146,0.1210754525889353,IM-weighted,14,0,0,False,24.0,08/2024
693,49-9011.00,Mechanical Door Repairers,0.12100345647007994,0.3197290769399831,25,3,0.8742709008425145,0.8742709008425145,0.0,2.0,2.0,0.12100345647007994,IM-weighted,22,0,0,False,112.0,07/2015
694,35-2014.00,"Cooks, Restaurant",0.12088912379610055,0.2704478053627324,20,4,0.8166549213060841,0.8166549213060841,0.0,1.2632927610506086,1.0070467648942985,0.12088912379610055,IM-weighted,16,0,0,False,72.0,08/2025
695,39-3093.00,"Locker Room, Coatroom, and Dressing Room Attendants",0.12070295284266194,0.3146200523528924,23,3,0.8697664169237549,0.8269061260467165,0.04286029087703834,2.0,1.7072758037225042,0.12070295284266194,IM-weighted,20,0,0,False,71.0,07/2011
696,49-3042.00,"Mobile Heavy Equipment Mechanics, Except Engines",0.12007825114892562,0.2959316324374694,20,3,0.8487144454105081,0.8487144454105081,0.0,1.6748768472906403,1.6748768472906403,0.12007825114892562,IM-weighted,17,0,0,False,152.0,07/2017
697,31-9097.00,Phlebotomists,0.11967461403165919,0.3115334011651101,23,3,0.8692593316396326,0.8692593316396326,0.0,2.0,1.6614349775784754,0.11967461403165919,IM-weighted,20,0,0,False,22.0,08/2019
698,39-5092.00,Manicurists and Pedicurists,0.11880525046879185,0.32355921085612677,18,2,0.8811947495312081,0.8811947495312081,0.0,2.0,2.0,0.11880525046879185,IM-weighted,16,0,0,False,62.0,07/2015
699,29-1292.00,Dental Hygienists,0.11760204081632653,0.3006763642703239,16,2,0.8645772594752188,0.8645772594752188,0.0,2.0,1.473627556512379,0.11760204081632653,IM-weighted,14,0,0,False,54.0,08/2021
700,39-3031.00,"Ushers, Lobby Attendants, and Ticket Takers",0.11702882105979798,0.3076308843378092,23,3,0.869057074775899,0.869057074775899,0.0,1.7166377816291165,1.7166377816291165,0.11702882105979798,IM-weighted,20,0,0,False,97.0,07/2015
701,25-2012.00,"Kindergarten Teachers, Except Special Education",0.11656521176013471,0.24672378852126747,37,8,0.7882398653024221,0.7882398653024221,0.0,0.8785932721712536,0.6418960244648317,0.11656521176013471,IM-weighted,29,0,0,False,101.0,08/2018
702,51-9022.00,"Grinding and Polishing Workers, Hand",0.11474158474828715,0.30733852188020144,17,2,0.8771224307417336,0.8771224307417336,0.0,2.0,2.0,0.11474158474828715,IM-weighted,15,0,0,False,53.0,08/2023
703,39-4012.00,Crematory Operators,0.11458333333333333,0.28622149300071015,12,2,0.8333333333333334,0.8333333333333334,0.0,1.0,1.0,,unweighted,10,12,0,False,,
704,47-5023.00,"Earth Drillers, Except Oil and Gas",0.114324486216777,0.29251387088441966,29,4,0.8638350953463096,0.8638350953463096,0.0,2.0,1.732063492063492,0.11840750358166191,IM-weighted,25,1,0,False,52.0,07/2017
705,29-2055.00,Surgical Technologists,0.11425111021396851,0.31811600718738464,16,2,0.8857488897860314,0.8857488897860314,0.0,2.0,2.0,0.11425111021396851,IM-weighted,14,0,0,False,93.0,07/2013
706,51-9193.00,Cooling and Freezing Equipment Operators and Tenders,0.11366711772665763,0.29779363545195,18,2,0.8702450759284317,0.8702450759284317,0.0,2.0,1.5040556199304753,0.11366711772665763,IM-weighted,16,0,1,False,72.0,07/2017
707,35-3041.00,"Food Servers, Nonrestaurant",0.11360754477730227,0.2895428872826644,14,2,0.8594071960691075,0.8594071960691075,0.0,2.0,0.976324689966178,0.11360754477730227,IM-weighted,12,0,0,False,78.0,08/2020
708,19-3039.02,Neuropsychologists,0.113544474393531,0.22648963097935806,14,3,0.7894204851752021,0.7894204851752021,0.0,0.6568,0.6568,0.113544474393531,IM-weighted,11,0,0,False,25.0,08/2024
709,39-5094.00,Skincare Specialists,0.11097700419260577,0.27541224384120877,18,3,0.842586710710202,0.842586710710202,0.0,0.7635189669087975,1.4947538337368849,0.11097700419260577,IM-weighted,15,0,0,False,49.0,08/2025
710,53-4022.00,"Railroad Brake, Signal, and Switch Operators and Locomotive Firers",0.110852233426772,0.3139490655680766,26,3,0.889147766573228,0.889147766573228,0.0,2.0,2.0,0.11528632276384289,IM-weighted,23,1,0,False,,
711,47-5032.00,"Explosives Workers, Ordnance Handling Experts, and Blasters",0.110833678276467,0.27300388649688545,27,4,0.8525535647408985,0.8525535647408985,0.0,2.0,1.2646917277150955,0.07352315061202767,IM-weighted,23,5,0,False,24.0,06/2006
712,51-9191.00,Adhesive Bonding Machine Operators and Tenders,0.11000295508274231,0.2930508693861956,16,2,0.8739657210401891,0.8739657210401891,0.0,2.0,1.4912075029308323,0.11000295508274231,IM-weighted,14,0,0,False,64.0,07/2015
713,35-3023.00,Fast Food and Counter Workers,0.10909153067736348,0.28017871334967004,27,4,0.8473880937186616,0.8473880937186616,0.0,1.236559139784946,1.236559139784946,0.10909153067736348,IM-weighted,23,0,0,False,118.0,08/2025
714,53-5011.00,Sailors and Marine Oilers,0.10901604328839945,0.30456572934339965,28,3,0.8859882285931269,0.8859882285931269,0.0,2.0,2.0,0.10901604328839945,IM-weighted,25,0,0,False,73.0,07/2016
715,51-9194.00,Etchers and Engravers,0.1069471308833011,0.29309217758323,26,3,0.8776826010868564,0.8776826010868564,0.0,1.6649096385542166,1.6649096385542166,0.1069471308833011,IM-weighted,23,0,0,False,65.0,07/2017
716,49-9095.00,Manufactured Building and Mobile Home Installers,0.10640007562866328,0.2659515276467897,14,2,0.8581962563811686,0.8581962563811686,0.0,1.5013333333333334,1.5013333333333334,0.10640007562866328,IM-weighted,12,0,0,False,62.0,06/2007
717,39-6011.00,Baggage Porters and Bellhops,0.10614047585126085,0.308017329443213,17,2,0.8938595241487391,0.8938595241487391,0.0,2.0,2.0,0.10614047585126085,IM-weighted,15,0,0,False,53.0,08/2018
718,51-9195.04,"Glass Blowers, Molders, Benders, and Finishers",0.10599547511312216,0.28999770630607286,16,2,0.879788838612368,0.879788838612368,0.0,2.0,1.5269761606022583,0.10599547511312216,IM-weighted,14,0,0,False,66.0,07/2015
719,51-3091.00,"Food and Tobacco Roasting, Baking, and Drying Machine Operators and Tenders",0.10497997997997999,0.30652762319794763,19,2,0.8950200200200198,0.8950200200200198,0.0,2.0,2.0,0.10497997997997999,IM-weighted,17,0,0,False,71.0,07/2017
720,49-3011.00,Aircraft Mechanics and Service Technicians,0.10482374768089053,0.2719876489349223,38,5,0.8611282896997181,0.8611282896997181,0.0,1.6185056902523502,1.2370113805047005,0.10482374768089053,IM-weighted,33,0,0,False,79.0,08/2025
721,51-6091.00,"Extruding and Forming Machine Setters, Operators, and Tenders, Synthetic and Glass Fibers",0.1047785895333234,0.28621459297486274,17,2,0.8793797524973908,0.8793797524973908,0.0,2.0,1.4746600741656366,0.1047785895333234,IM-weighted,15,0,0,False,62.0,08/2019
722,51-4033.00,"Grinding, Lapping, Polishing, and Buffing Machine Tool Setters, Operators, and Tenders, Metal and Plastic",0.10396395779087297,0.2831253407017313,18,2,0.8811840482390024,0.8811840482390024,0.0,2.0,2.0,0.10396395779087297,IM-weighted,16,0,0,False,83.0,07/2016
723,51-9023.00,"Mixing and Blending Machine Setters, Operators, and Tenders",0.1035118019573978,0.3046261788043343,20,2,0.896488198042602,0.896488198042602,0.0,2.0,2.0,0.1035118019573978,IM-weighted,18,0,0,False,54.0,08/2023
724,45-2093.00,"Farmworkers, Farm, Ranch, and Aquacultural Animals",0.10286895838718012,0.3037876491688178,19,2,0.8971310416128196,0.8971310416128196,0.0,2.0,2.0,0.10286895838718012,IM-weighted,17,0,0,False,87.0,08/2019
725,31-1133.00,Psychiatric Aides,0.10286203522504893,0.2818220760183251,17,2,0.8824433883142296,0.8824433883142296,0.0,2.0,2.0,0.10286203522504893,IM-weighted,15,0,0,False,55.0,08/2023
726,51-5113.00,Print Binding and Finishing Workers,0.10278352454391575,0.2879397688454029,25,3,0.8785969531690804,0.8785969531690804,0.0,1.386522075910147,1.6932610379550734,0.10278352454391575,IM-weighted,22,0,0,False,79.0,07/2015
727,47-5044.00,"Loading and Moving Machine Operators, Underground Mining",0.10272375471323673,0.2914987060475883,25,3,0.887676126215519,0.887676126215519,0.0,2.0,1.6581272084805656,0.10272375471323673,IM-weighted,22,0,0,False,119.0,08/2022
728,29-1229.03,Urologists,0.10188569206842923,0.2454342838955099,14,2,0.8517884914463453,0.7788491446345257,0.0729393468118196,1.4994753410283317,1.0,0.10188569206842923,IM-weighted,12,0,0,False,46.0,08/2023
729,27-4015.00,Lighting Technicians,0.1015625,0.2696161551052718,16,2,0.875,0.875,0.0,2.0,1.5,,unweighted,14,16,0,False,,
730,49-9012.00,"Control and Valve Installers and Repairers, Except Mechanical Door",0.10143596593755219,0.2763882975375132,32,4,0.8716814159292035,0.8716814159292035,0.0,1.5263500325309043,1.5263500325309043,0.10143596593755219,IM-weighted,28,0,0,False,95.0,07/2017
731,39-4021.00,Funeral Attendants,0.10133062920459042,0.2387712997431738,24,4,0.8334982192322913,0.8334982192322913,0.0,1.0576351752822342,1.0576351752822342,0.10133062920459042,IM-weighted,20,0,0,False,69.0,08/2024
732,51-7031.00,"Model Makers, Wood",0.09940357852882703,0.26560395383811886,14,2,0.8499909633110426,0.8499909633110426,0.0,1.4602409638554217,0.9204819277108433,0.09940357852882703,IM-weighted,12,0,0,False,46.0,08/2024
733,29-2053.00,Psychiatric Technicians,0.09627432193396225,0.2236167545197758,16,3,0.8321049528301887,0.8321049528301887,0.0,0.9429323968393327,0.6444249341527656,0.09627432193396225,IM-weighted,13,0,0,False,70.0,08/2023
734,51-4122.00,"Welding, Soldering, and Brazing Machine Setters, Operators, and Tenders",0.0959015651859224,0.27568160529618424,29,3,0.8906179317832263,0.8906179317832263,0.0,2.0,1.6807278742762615,0.0959015651859224,IM-weighted,26,0,0,False,63.0,08/2024
735,49-2021.00,"Radio, Cellular, and Tower Equipment Installers and Repairers",0.095024620434961,0.28679586197064527,30,3,0.9006975789905621,0.9006975789905621,0.0,2.0,2.0,0.15837436739160168,IM-weighted,27,12,0,False,62.0,08/2022
736,25-3031.00,"Substitute Teachers, Short-Term",0.0948955459203784,0.277572106076255,18,2,0.8933123111286295,0.8933123111286295,0.0,1.5578817733990147,2.0,0.0948955459203784,IM-weighted,16,0,0,False,103.0,08/2025
737,51-4072.00,"Molding, Coremaking, and Casting Machine Setters, Operators, and Tenders, Metal and Plastic",0.09464431725265741,0.2805701573597524,29,3,0.8960661397292632,0.8960661397292632,0.0,2.0,1.6424825174825175,0.09464431725265741,IM-weighted,26,0,0,False,104.0,07/2016
738,39-3021.00,Motion Picture Projectionists,0.09436526594181603,0.2744993594118111,17,2,0.8921539817807816,0.8921539817807816,0.0,2.0,1.5,0.09436526594181603,IM-weighted,15,0,0,False,76.0,08/2020
739,25-9043.00,"Teaching Assistants, Special Education",0.09424119241192411,0.26520417489677517,30,4,0.8708220415537489,0.8708220415537489,0.0,1.0391608391608391,1.2776223776223776,0.09424119241192411,IM-weighted,26,0,0,False,80.0,08/2025
740,47-2132.00,"Insulation Workers, Mechanical",0.09407150205761315,0.2710408028342522,9,1,0.8924897119341564,0.8924897119341564,0.0,2.0,2.0,0.09407150205761315,IM-weighted,8,0,0,False,88.0,08/2023
741,51-4034.00,"Lathe and Turning Machine Tool Setters, Operators, and Tenders, Metal and Plastic",0.09391182645206439,0.2611452449718387,18,2,0.8848145556333101,0.8848145556333101,0.0,2.0,1.5224787363304981,0.09391182645206439,IM-weighted,16,0,0,False,69.0,08/2024
742,53-6061.00,Passenger Attendants,0.09299084030266824,0.29041959975606313,12,1,0.9070091596973318,0.8261648745519713,0.08084428514536039,2.0,2.0,0.09299084030266824,IM-weighted,11,0,0,False,54.0,07/2015
743,47-2211.00,Sheet Metal Workers,0.09174359327638469,0.2680648376971025,19,2,0.8951501791127034,0.8951501791127034,0.0,2.0,2.0,0.09174359327638469,IM-weighted,17,0,0,False,51.0,08/2023
744,29-1041.00,Optometrists,0.09136686772942697,0.18049754242918786,10,2,0.7919000430848772,0.7919000430848772,0.0,0.5124223602484472,0.0,0.09136686772942697,IM-weighted,8,0,0,False,21.0,08/2021
745,47-2152.00,"Plumbers, Pipefitters, and Steamfitters",0.08925248138957817,0.26676376247518147,30,3,0.8979971641261963,0.8979971641261963,0.0,2.0,1.6759339704604692,0.08925248138957817,IM-weighted,27,0,0,False,124.0,08/2022
746,51-9192.00,"Cleaning, Washing, and Metal Pickling Equipment Operators and Tenders",0.08813403718154691,0.28348973292101537,11,1,0.911865962818453,0.911865962818453,0.0,2.0,2.0,0.08813403718154691,IM-weighted,10,0,0,False,53.0,07/2017
747,39-2011.00,Animal Trainers,0.0867451786278849,0.2565317552514901,15,2,0.8774897249446728,0.8774897249446728,0.0,1.065806451612903,1.065806451612903,0.0867451786278849,IM-weighted,13,0,0,False,118.0,07/2014
748,31-2011.00,Occupational Therapy Assistants,0.08666479934813606,0.2453659353580414,22,3,0.8728865349358321,0.8728865349358321,0.0,1.2355769230769231,0.9182692307692308,0.08666479934813606,IM-weighted,19,0,0,False,54.0,08/2022
749,53-7064.00,"Packers and Packagers, Hand",0.08558740411788453,0.2797538210181345,12,1,0.9144125958821154,0.9144125958821154,0.0,2.0,2.0,0.08558740411788453,IM-weighted,11,0,0,False,76.0,08/2020
750,51-9012.00,"Separating, Filtering, Clarifying, Precipitating, and Still Machine Setters, Operators, and Tenders",0.085076225274033,0.2619188020148587,20,2,0.9026080383016253,0.9026080383016253,0.0,2.0,1.4941785252263906,0.085076225274033,IM-weighted,18,0,0,False,87.0,07/2015
751,33-9092.00,"Lifeguards, Ski Patrol, and Other Recreational Protective Service Workers",0.08407834850455137,0.2564426586285962,15,2,0.8709362808842653,0.8709362808842653,0.0,1.070528967254408,1.070528967254408,0.08407834850455137,IM-weighted,13,0,0,False,97.0,08/2020
752,27-2042.00,Musicians and Singers,0.08374010338284368,0.20753953097865557,29,5,0.8468298109010011,0.8122031014853104,0.03462670941569064,0.38523644752018454,0.9884659746251442,0.08994307400379506,IM-weighted,24,2,0,False,149.0,08/2022
753,53-6032.00,Aircraft Service Attendants,0.08333333333333333,0.25,18,2,0.8888888888888888,0.8888888888888888,0.0,1.5,1.0,,unweighted,16,18,0,False,,
754,53-7063.00,Machine Feeders and Offbearers,0.08286145715364289,0.27567269736413486,13,1,0.9171385428463572,0.9171385428463572,0.0,2.0,2.0,0.08286145715364289,IM-weighted,12,0,0,False,116.0,07/2016
755,49-9081.00,Wind Turbine Service Technicians,0.08271580212297217,0.27545217044366427,12,1,0.917284197877028,0.917284197877028,0.0,2.0,2.0,0.08271580212297217,IM-weighted,11,0,0,False,97.0,08/2021
756,53-7021.00,Crane and Tower Operators,0.08201407211961301,0.27438615871426886,11,1,0.9179859278803869,0.9179859278803869,0.0,2.0,2.0,0.08201407211961301,IM-weighted,10,0,0,False,108.0,07/2015
757,37-2011.00,"Janitors and Cleaners, Except Maids and Housekeeping Cleaners",0.08199149813216541,0.250177036746324,21,2,0.8977199536261755,0.8977199536261755,0.0,1.4710327455919394,1.4710327455919394,0.08199149813216541,IM-weighted,19,0,0,False,62.0,08/2023
758,39-2021.00,Animal Caretakers,0.08121869782971618,0.2539092037005491,22,2,0.9071786310517529,0.8647746243739564,0.04240400667779633,2.0,2.0,0.08121869782971618,IM-weighted,20,0,0,False,110.0,08/2019
759,39-9031.00,Exercise Trainers and Group Fitness Instructors,0.08078025477707007,0.20238729534516867,20,3,0.8611464968152865,0.7914649681528662,0.06968152866242038,0.6541284403669726,1.0,0.08078025477707007,IM-weighted,17,0,0,False,21.0,08/2025
760,51-9041.00,"Extruding, Forming, Pressing, and Compacting Machine Setters, Operators, and Tenders",0.0804936452385338,0.27205591027350773,26,2,0.9195063547614662,0.9195063547614662,0.0,2.0,2.0,0.0804936452385338,IM-weighted,24,0,0,False,105.0,07/2016
761,49-3051.00,Motorboat Mechanics and Service Technicians,0.08043732916829364,0.2719690519977691,13,1,0.9195626708317064,0.9195626708317064,0.0,2.0,2.0,0.08043732916829364,IM-weighted,12,0,0,False,107.0,07/2015
762,51-2031.00,Engine and Other Machine Assemblers,0.08017241379310346,0.2524346373530243,12,1,0.9083743842364532,0.9083743842364532,0.0,2.0,2.0,0.08017241379310346,IM-weighted,11,0,0,False,102.0,07/2014
763,25-2011.00,"Preschool Teachers, Except Special Education",0.0800848348874711,0.21412135007759953,34,5,0.8556404683446683,0.8556404683446683,0.0,1.2166100048567265,0.6206896551724138,0.0800848348874711,IM-weighted,29,0,0,False,96.0,08/2019
764,53-7121.00,"Tank Car, Truck, and Ship Loaders",0.07959985270651773,0.24414828056759855,19,2,0.8930894807904751,0.8930894807904751,0.0,2.0,0.9781859931113661,0.07959985270651773,IM-weighted,17,0,0,False,86.0,08/2019
765,29-2099.05,Ophthalmic Medical Technologists,0.0795899186742366,0.22320989823663326,31,4,0.8692649992327759,0.8692649992327759,0.0,1.0604460093896715,0.539906103286385,0.0795899186742366,IM-weighted,27,0,0,False,20.0,08/2020
766,31-2012.00,Occupational Therapy Aides,0.07928809325562032,0.1978557332766796,15,2,0.8599500416319733,0.8599500416319733,0.0,1.0,1.0,0.07928809325562032,IM-weighted,13,0,0,False,59.0,08/2020
767,49-9097.00,Signal and Track Switch Repairers,0.07925801011804383,0.2701410334439622,12,1,0.9207419898819561,0.9207419898819561,0.0,2.0,2.0,0.07925801011804383,IM-weighted,11,0,0,False,48.0,08/2021
768,51-9032.00,"Cutting and Slicing Machine Setters, Operators, and Tenders",0.07825004879953151,0.2596318045966781,25,2,0.9163576029670114,0.9163576029670114,0.0,2.0,2.0,0.07825004879953151,IM-weighted,23,0,0,False,120.0,07/2016
769,49-3053.00,Outdoor Power Equipment and Other Small Engine Mechanics,0.07618733509234829,0.26529761601619134,14,1,0.9238126649076517,0.9238126649076517,0.0,2.0,2.0,0.07618733509234829,IM-weighted,13,0,0,False,53.0,08/2018
770,47-4021.00,Elevator and Escalator Installers and Repairers,0.07612596966539308,0.23992906764714156,20,2,0.8983443325228667,0.8983443325228667,0.0,1.4977220956719817,1.4977220956719817,0.07612596966539308,IM-weighted,18,0,0,False,55.0,08/2023
771,47-2073.00,Operating Engineers and Other Construction Equipment Operators,0.07576255279211638,0.25501712371698587,26,2,0.9185358986391366,0.9185358986391366,0.0,2.0,2.0,0.07576255279211638,IM-weighted,24,0,0,False,65.0,08/2020
772,51-9195.05,"Potters, Manufacturing",0.07490393602658633,0.2229004314973427,23,3,0.8683144667151314,0.8683144667151314,0.0,0.6309148264984227,0.9597791798107256,0.07490393602658633,IM-weighted,20,0,0,False,52.0,08/2020
773,49-3091.00,Bicycle Repairers,0.07473666610934628,0.2629659613870327,14,1,0.9252633338906537,0.9252633338906537,0.0,2.0,2.0,0.07473666610934628,IM-weighted,13,0,0,False,48.0,07/2016
774,49-9094.00,Locksmiths and Safe Repairers,0.07417289220917823,0.26205204496531576,14,1,0.9258271077908219,0.9258271077908219,0.0,2.0,2.0,0.07417289220917823,IM-weighted,13,0,0,False,26.0,08/2025
775,51-4022.00,"Forging Machine Setters, Operators, and Tenders, Metal and Plastic",0.07325281209662547,0.24234321963794195,13,1,0.9162825004609993,0.9162825004609993,0.0,2.0,2.0,0.07325281209662547,IM-weighted,12,0,0,False,48.0,07/2016
776,49-3092.00,Recreational Vehicle Service Technicians,0.07290913037187093,0.2190437898557839,17,2,0.8846766025177254,0.8846766025177254,0.0,1.028858218318695,1.028858218318695,0.07290913037187093,IM-weighted,15,0,0,False,56.0,08/2025
777,33-9093.00,Transportation Security Screeners,0.07265624999999999,0.2414441717787727,26,2,0.9169642857142858,0.8795535714285714,0.03741071428571429,2.0,2.0,0.07265624999999999,IM-weighted,24,0,0,False,27.0,06/2009
778,29-1214.00,Emergency Medicine Physicians,0.07258861306656787,0.20397995730005314,17,2,0.8830431023835988,0.8290724959861677,0.05397060639743115,1.4825765575501584,0.4825765575501584,0.07258861306656787,IM-weighted,15,0,0,False,30.0,08/2025
779,53-3011.00,"Ambulance Drivers and Attendants, Except Emergency Medical Technicians",0.07256450177935943,0.22171551460381142,11,1,0.9032473309608541,0.9032473309608541,0.0,2.0,1.0,0.07256450177935943,IM-weighted,10,0,0,False,58.0,07/2017
780,47-2131.00,"Insulation Workers, Floor, Ceiling, and Wall",0.07192328183271178,0.22083818262462257,10,1,0.9041022908897176,0.9041022908897176,0.0,2.0,2.0,0.07192328183271178,IM-weighted,9,0,0,False,65.0,07/2015
781,35-3023.01,Baristas,0.07137345679012348,0.23703190048366563,19,2,0.9084362139917699,0.9084362139917699,0.0,1.1179775280898876,1.5589887640449438,0.07137345679012348,IM-weighted,17,0,0,False,69.0,07/2015
782,39-4011.00,Embalmers,0.07105667838312829,0.24880446449029514,26,2,0.9242530755711774,0.9242530755711774,0.0,2.0,2.0,0.07105667838312829,IM-weighted,24,0,0,False,56.0,08/2021
783,51-9082.00,Medical Appliance Technicians,0.07043824701195218,0.25588415419840943,15,1,0.9295617529880478,0.9295617529880478,0.0,2.0,2.0,0.07043824701195218,IM-weighted,14,0,0,False,94.0,07/2015
784,53-7062.04,Recycling and Reclamation Workers,0.06976744186046513,0.2547546779093796,14,1,0.930232558139535,0.930232558139535,0.0,2.0,2.0,0.06976744186046513,IM-weighted,13,0,0,False,67.0,07/2012
785,49-9052.00,Telecommunications Line Installers and Repairers,0.06932284541723667,0.21116716819955544,19,2,0.8864569083447335,0.8864569083447335,0.0,0.9421686746987952,0.9421686746987952,0.06932284541723667,IM-weighted,17,0,0,False,95.0,07/2015
786,29-1081.00,Podiatrists,0.06792544048130639,0.16041512885078182,11,2,0.8448646325741297,0.8448646325741297,0.0,0.502770083102493,0.502770083102493,0.06792544048130639,IM-weighted,9,0,0,False,72.0,08/2022
787,47-2021.00,Brickmasons and Blockmasons,0.06761291492835117,0.23364458970239138,14,1,0.9227280972247417,0.9227280972247417,0.0,2.0,2.0,0.06761291492835117,IM-weighted,13,0,0,False,55.0,08/2018
788,29-2043.00,Paramedics,0.0673076923076923,0.15974276659457837,13,2,0.8461538461538461,0.8461538461538461,0.0,1.0,0.0,,unweighted,11,13,0,False,,
789,35-3031.00,Waiters and Waitresses,0.06723327805417359,0.23822925925458194,25,2,0.9248203427307905,0.886861986364474,0.037958356366316566,2.0,1.5772058823529413,0.06723327805417359,IM-weighted,23,0,0,False,112.0,08/2025
790,51-9198.00,Helpers--Production Workers,0.06703660610400072,0.2500853845110861,30,2,0.9329633938959994,0.9329633938959994,0.0,2.0,2.0,0.06703660610400072,IM-weighted,28,0,0,False,93.0,07/2015
791,53-7073.00,Wellhead Pumpers,0.0662178810278071,0.23142134329296074,14,1,0.9243224216825062,0.9243224216825062,0.0,2.0,2.0,0.0662178810278071,IM-weighted,13,0,0,False,62.0,08/2019
792,51-2023.00,Electromechanical Equipment Assemblers,0.06601599247412983,0.2310971270970698,14,1,0.9245531514581374,0.9245531514581374,0.0,2.0,2.0,0.06601599247412983,IM-weighted,13,0,0,False,69.0,07/2017
793,29-2011.04,Histotechnologists,0.06554498902706658,0.2474850368012343,16,1,0.9344550109729336,0.9344550109729336,0.0,2.0,2.0,0.06554498902706658,IM-weighted,15,0,0,False,21.0,08/2024
794,37-3013.00,Tree Trimmers and Pruners,0.06524530157342656,0.21500122588129525,24,2,0.9133522727272727,0.9133522727272727,0.0,1.511979823455233,1.511979823455233,0.06524530157342656,IM-weighted,22,0,0,False,60.0,08/2018
795,51-4193.00,"Plating Machine Setters, Operators, and Tenders, Metal and Plastic",0.06451123254401943,0.24566142029156893,33,2,0.9354887674559805,0.9354887674559805,0.0,2.0,2.0,0.06451123254401943,IM-weighted,31,0,0,False,84.0,07/2016
796,35-2011.00,"Cooks, Fast Food",0.06366639619798307,0.19149159555506023,19,2,0.8963718558015534,0.8963718558015534,0.0,1.4574944071588367,1.0,0.06366639619798307,IM-weighted,17,0,0,False,56.0,08/2019
797,47-2044.00,Tile and Stone Setters,0.06365038182886235,0.2272503311181187,25,2,0.9272567064813001,0.9272567064813001,0.0,2.0,2.0,0.06365038182886235,IM-weighted,23,0,0,False,57.0,08/2023
798,27-2032.00,Choreographers,0.06334785092103383,0.14797912071575353,18,3,0.8347850921033843,0.672426103098672,0.16235898900471224,0.0,0.3500432152117545,0.06334785092103383,IM-weighted,15,0,0,False,21.0,08/2024
799,39-9011.00,Childcare Workers,0.0631975867269985,0.1695171971064876,24,3,0.872800402212167,0.8298642533936653,0.04293614881850176,0.6521739130434783,0.6521739130434783,0.0631975867269985,IM-weighted,21,0,0,False,192.0,08/2018
800,47-5022.00,"Excavating and Loading Machine and Dragline Operators, Surface Mining",0.0628207121754004,0.24264020750315868,16,1,0.9371792878245995,0.8682941999689006,0.06888508785569895,2.0,2.0,0.0628207121754004,IM-weighted,15,0,0,False,81.0,07/2013
801,53-2031.00,Flight Attendants,0.062121663193410726,0.22335965273227754,25,2,0.9244814925076906,0.9244814925076906,0.0,2.0,1.0538764783180026,0.062121663193410726,IM-weighted,23,0,0,False,72.0,08/2021
802,39-9011.01,Nannies,0.06162119937507511,0.21875333156813503,19,2,0.9117894483836076,0.9117894483836076,0.0,1.5177111716621254,1.0354223433242506,0.06162119937507511,IM-weighted,17,0,0,False,25.0,08/2023
803,45-4011.00,Forest and Conservation Workers,0.06151391597234534,0.24027058520362535,17,1,0.9384860840276547,0.9384860840276547,0.0,2.0,2.0,0.06151391597234534,IM-weighted,16,0,0,False,65.0,08/2023
804,51-6052.00,"Tailors, Dressmakers, and Custom Sewers",0.06128350572795016,0.2175069786660279,22,2,0.9114670225781336,0.9114670225781336,0.0,1.5075376884422111,1.015075376884422,0.06128350572795016,IM-weighted,20,0,0,False,65.0,08/2020
805,51-4192.00,"Layout Workers, Metal and Plastic",0.06121336357292394,0.22319188436499535,14,1,0.9300418702023725,0.9300418702023725,0.0,2.0,2.0,0.06121336357292394,IM-weighted,13,0,0,False,63.0,08/2018
806,51-6064.00,"Textile Winding, Twisting, and Drawing Out Machine Setters, Operators, and Tenders",0.06108716223320367,0.21703509592036418,23,2,0.9115760698138998,0.9115760698138998,0.0,1.5053507728894173,1.0107015457788346,0.06108716223320367,IM-weighted,21,0,0,False,69.0,08/2019
807,47-2161.00,Plasterers and Stucco Masons,0.060135933806146576,0.22136533501350433,15,1,0.9312732185072611,0.9312732185072611,0.0,2.0,2.0,0.060135933806146576,IM-weighted,14,0,0,False,70.0,07/2015
808,51-4021.00,"Extruding and Drawing Machine Setters, Operators, and Tenders, Metal and Plastic",0.05902004454342984,0.23566221352928307,16,1,0.9409799554565702,0.9409799554565702,0.0,2.0,2.0,0.05902004454342984,IM-weighted,15,0,0,False,67.0,07/2015
809,49-3043.00,Rail Car Repairers,0.05846662989520133,0.2346237052897658,20,1,0.9415333701047988,0.9415333701047988,0.0,2.0,2.0,0.05846662989520133,IM-weighted,19,0,0,False,74.0,08/2019
810,51-4032.00,"Drilling and Boring Machine Tool Setters, Operators, and Tenders, Metal and Plastic",0.057557732680195935,0.21691040432373584,17,1,0.934219734079776,0.934219734079776,0.0,2.0,2.0,0.057557732680195935,IM-weighted,16,0,0,False,86.0,08/2022
811,51-4121.00,"Welders, Cutters, Solderers, and Brazers",0.056855852259285536,0.21567633804092914,30,2,0.935021883132245,0.935021883132245,0.0,2.0,2.0,0.028643985095812632,IM-weighted,28,1,0,False,126.0,08/2022
812,49-3023.00,Automotive Service Technicians and Mechanics,0.05678383802609054,0.17000908707659268,30,3,0.89479959860693,0.89479959860693,0.0,1.0,0.6590730557737627,0.06083982645652559,IM-weighted,27,2,0,False,120.0,08/2022
813,31-1121.00,Home Health Aides,0.05640809443507588,0.19779837640514258,15,1,0.9247892074198987,0.9247892074198987,0.0,2.0,1.0,0.05640809443507588,IM-weighted,14,0,0,False,123.0,07/2014
814,51-6042.00,Shoe Machine Operators and Tenders,0.05640759033012737,0.2307071175392643,19,1,0.9435924096698726,0.9435924096698726,0.0,2.0,2.0,0.05640759033012737,IM-weighted,18,0,1,False,55.0,08/2024
815,31-1131.00,Nursing Assistants,0.055752840909090905,0.2294438093295535,33,2,0.944247159090909,0.944247159090909,0.0,2.0,2.0,0.055752840909090905,IM-weighted,31,0,0,False,85.0,08/2020
816,33-9094.00,School Bus Monitors,0.05555555555555555,0.2290614236454256,18,1,0.9444444444444444,0.9444444444444444,0.0,2.0,2.0,,unweighted,17,18,0,False,,
817,47-2121.00,Glaziers,0.05500238777459408,0.19537479592452728,27,2,0.9212989493791787,0.9212989493791787,0.0,1.5303398058252426,1.0606796116504855,0.05500238777459408,IM-weighted,25,0,0,False,78.0,08/2023
818,35-2021.00,Food Preparation Workers,0.054956157072054895,0.21388208683174967,31,2,0.9367899351887151,0.9367899351887151,0.0,2.0,1.477683956574186,0.054956157072054895,IM-weighted,29,0,0,False,60.0,08/2024
819,47-2011.00,Boilermakers,0.054645542427497314,0.21172792521739955,18,1,0.9375479515114317,0.9375479515114317,0.0,2.0,2.0,0.054645542427497314,IM-weighted,17,0,0,False,51.0,08/2025
820,49-9098.00,"Helpers--Installation, Maintenance, and Repair Workers",0.05315489176036247,0.2090097791306936,16,1,0.9392515522738714,0.9392515522738714,0.0,2.0,2.0,0.05315489176036247,IM-weighted,15,0,0,False,87.0,08/2020
821,47-2221.00,Structural Iron and Steel Workers,0.05310457516339868,0.208917226108066,19,1,0.9393090569561157,0.9393090569561157,0.0,2.0,2.0,0.05310457516339868,IM-weighted,18,0,0,False,105.0,07/2015
822,47-5012.00,"Rotary Drill Operators, Oil and Gas",0.05227190984294449,0.2225748352449476,20,1,0.9477280901570554,0.9477280901570554,0.0,2.0,2.0,0.05227190984294449,IM-weighted,19,0,0,False,106.0,12/2005
823,51-4194.00,"Tool Grinders, Filers, and Sharpeners",0.05138833399920096,0.20572805199604505,18,1,0.9412704754294847,0.9412704754294847,0.0,2.0,2.0,0.05138833399920096,IM-weighted,17,0,0,False,71.0,07/2016
824,51-9031.00,"Cutters and Trimmers, Hand",0.05131542888462593,0.2055911647723087,18,1,0.9413537955604275,0.9413537955604275,0.0,2.0,2.0,0.05131542888462593,IM-weighted,17,0,0,False,54.0,08/2019
825,53-7061.00,Cleaners of Vehicles and Equipment,0.05044995909462776,0.2188715621591305,20,1,0.9495500409053722,0.9495500409053722,0.0,2.0,2.0,0.05044995909462776,IM-weighted,19,0,0,False,58.0,08/2022
826,47-4041.00,Hazardous Materials Removal Workers,0.05025422726735249,0.218469082272787,21,1,0.9497457727326475,0.9497457727326475,0.0,2.0,2.0,0.05025422726735249,IM-weighted,20,0,0,False,71.0,07/2015
827,29-1071.01,Anesthesiologist Assistants,0.04918733960650129,0.1856639715381277,16,1,0.934416880524665,0.934416880524665,0.0,2.0,1.0,0.04918733960650129,IM-weighted,15,0,0,False,61.0,07/2012
828,51-9081.00,Dental Laboratory Technicians,0.048137876386687796,0.18381009805501933,17,1,0.9358161648177497,0.9358161648177497,0.0,2.0,2.0,0.048137876386687796,IM-weighted,16,0,0,False,67.0,08/2022
829,45-3031.00,Fishing and Hunting Workers,0.0479640423610541,0.18350063327187072,29,2,0.9360479435185943,0.9360479435185943,0.0,2.0,1.0,0.0479640423610541,IM-weighted,27,0,0,False,21.0,08/2025
830,51-2061.00,Timing Device Assemblers and Adjusters,0.0479264475743349,0.19909469417954756,17,1,0.9452269170579031,0.9452269170579031,0.0,2.0,2.0,0.0479264475743349,IM-weighted,16,0,0,False,55.0,06/2008
831,49-9092.00,Commercial Divers,0.046946778711484595,0.2115248890322354,23,1,0.9530532212885154,0.9530532212885154,0.0,2.0,2.0,0.046946778711484595,IM-weighted,22,0,0,False,65.0,07/2015
832,53-5022.00,Motorboat Operators,0.04660643455266638,0.18105984141379283,16,1,0.9378580872631116,0.9378580872631116,0.0,2.0,1.0,0.04660643455266638,IM-weighted,15,0,0,False,49.0,08/2023
833,29-2061.00,Licensed Practical and Licensed Vocational Nurses,0.04540023894862604,0.2081803479006453,22,1,0.9545997610513739,0.9545997610513739,0.0,2.0,2.0,0.04540023894862604,IM-weighted,21,0,0,False,102.0,08/2021
834,33-2011.00,Firefighters,0.044690209077001525,0.1761816654658202,30,2,0.9350586435492095,0.9350586435492095,0.0,1.0035335689045937,1.5017667844522968,0.049655787863335035,IM-weighted,28,3,0,False,241.0,08/2022
835,51-9195.00,"Molders, Shapers, and Casters, Except Metal and Plastic",0.04456396846150798,0.20634442366216177,24,1,0.955436031538492,0.955436031538492,0.0,2.0,2.0,0.04861523832164506,IM-weighted,23,2,0,False,,
836,27-2011.00,Actors,0.044416961130742054,0.13295936835959146,18,2,0.8975265017667845,0.8349116607773851,0.06261484098939929,0.0,0.4675862068965517,0.044416961130742054,IM-weighted,16,0,0,False,50.0,07/2017
837,51-2041.00,Structural Metal Fabricators and Fitters,0.04335187057633974,0.18987759760390263,23,1,0.9504550050556118,0.9504550050556118,0.0,2.0,2.0,0.04335187057633974,IM-weighted,22,0,0,False,75.0,08/2024
838,29-2042.00,Emergency Medical Technicians,0.041666666666666664,0.13819269959814165,12,1,0.9166666666666666,0.9166666666666666,0.0,1.0,0.0,,unweighted,11,12,0,False,,
839,47-2152.04,Solar Thermal Installers and Technicians,0.041189314882032674,0.18532158768294466,21,1,0.9529264972776769,0.9529264972776769,0.0,2.0,2.0,0.041189314882032674,IM-weighted,20,0,0,False,53.0,07/2015
840,49-3093.00,Tire Repairers and Changers,0.04026376261364772,0.19657719103151194,24,1,0.9597362373863523,0.9597362373863523,0.0,2.0,2.0,0.04026376261364772,IM-weighted,23,0,0,False,80.0,07/2014
841,47-2081.00,Drywall and Ceiling Tile Installers,0.03944672131147541,0.1815484434670696,26,1,0.9549180327868854,0.9549180327868854,0.0,2.0,2.0,0.03944672131147541,IM-weighted,25,0,0,False,71.0,07/2016
842,51-6031.00,Sewing Machine Operators,0.038465200418927925,0.19231648076974484,26,1,0.9615347995810721,0.9615347995810721,0.0,2.0,2.0,0.038465200418927925,IM-weighted,25,0,0,False,111.0,07/2017
843,51-7041.00,"Sawing Machine Setters, Operators, and Tenders, Wood",0.038170823885109596,0.17872453413956027,22,1,0.9563762012741602,0.9563762012741602,0.0,2.0,2.0,0.038170823885109596,IM-weighted,21,0,0,False,59.0,07/2013
844,47-3013.00,Helpers--Electricians,0.037259615384615384,0.18939729788464754,25,1,0.9627403846153847,0.9627403846153847,0.0,2.0,2.0,0.037259615384615384,IM-weighted,24,0,0,False,74.0,08/2023
845,51-6021.00,"Pressers, Textile, Garment, and Related Materials",0.03631614425345467,0.1870756048233359,28,1,0.9636838557465454,0.9636838557465454,0.0,2.0,2.0,0.03631614425345467,IM-weighted,27,0,0,False,67.0,07/2017
846,51-4031.00,"Cutting, Punching, and Press Machine Setters, Operators, and Tenders, Metal and Plastic",0.036182612918892666,0.18674429426693134,31,1,0.9638173870811072,0.9638173870811072,0.0,2.0,2.0,0.036182612918892666,IM-weighted,30,0,0,False,50.0,08/2025
847,47-2181.00,Roofers,0.034906247010427625,0.1712440365495137,27,1,0.960107146273797,0.960107146273797,0.0,2.0,2.0,0.034906247010427625,IM-weighted,26,0,0,False,69.0,07/2015
848,47-2061.00,Construction Laborers,0.034878372853638595,0.17117848975270328,27,1,0.9601390024529846,0.9601390024529846,0.0,2.0,2.0,0.034878372853638595,IM-weighted,26,0,0,False,62.0,08/2020
849,51-2011.00,"Aircraft Structure, Surfaces, Rigging, and Systems Assemblers",0.03453534266236097,0.1703694072794736,27,1,0.9605310369573018,0.9605310369573018,0.0,2.0,2.0,0.03453534266236097,IM-weighted,26,0,0,False,100.0,07/2015
850,51-6041.00,Shoe and Leather Workers and Repairers,0.03409192925756351,0.16931679910707428,26,1,0.9610377951342131,0.9610377951342131,0.0,2.0,2.0,0.03409192925756351,IM-weighted,25,0,0,False,49.0,08/2022
851,51-9124.00,"Coating, Painting, and Spraying Machine Setters, Operators, and Tenders",0.03390121867365002,0.18097493209307022,29,1,0.96609878132635,0.96609878132635,0.0,2.0,2.0,0.0427450148493848,IM-weighted,28,6,0,False,108.0,08/2022
852,29-2092.00,Hearing Aid Specialists,0.030360048820179005,0.10229020355441411,11,1,0.9190398698128559,0.9190398698128559,0.0,0.0,0.0,0.030360048820179005,IM-weighted,10,0,0,False,55.0,08/2020
853,27-2031.00,Dancers,0.03004291845493563,0.11882290300349466,14,1,0.9399141630901288,0.9399141630901288,0.0,0.0,1.0,0.03004291845493563,IM-weighted,13,0,0,False,54.0,08/2019
854,33-9091.00,Crossing Guards and Flaggers,0.027561734396266767,0.09785704469106801,12,1,0.9265020416099551,0.9265020416099551,0.0,0.0,0.0,0.027561734396266767,IM-weighted,11,0,0,False,102.0,07/2016
855,49-3021.00,Automotive Body and Related Repairers,0.02548507830197971,0.12360697683658185,25,1,0.9592238747168325,0.9592238747168325,0.0,2.0,1.0,0.02548507830197971,IM-weighted,24,0,0,False,47.0,08/2019
856,53-6021.00,Parking Attendants,0.02537974683544304,0.09419805472439419,15,1,0.9323206751054852,0.9323206751054852,0.0,1.0,0.0,0.02537974683544304,IM-weighted,14,0,0,False,75.0,07/2015
857,47-5011.00,"Derrick Operators, Oil and Gas",0.024459096651926724,0.09259543096419082,15,1,0.9347757422615288,0.9347757422615288,0.0,1.0,0.0,0.024459096651926724,IM-weighted,14,0,0,False,81.0,06/2006
858,37-3011.00,Landscaping and Groundskeeping Workers,0.017608695652173913,0.09216442732158686,26,1,0.9647826086956521,0.9647826086956521,0.0,0.0,1.0,0.017608695652173913,IM-weighted,25,0,0,False,94.0,07/2015
859,51-7021.00,Furniture Finishers,0.017458654281830535,0.0790075360098894,22,1,0.9534435885817852,0.9534435885817852,0.0,0.0,0.0,0.017458654281830535,IM-weighted,21,0,0,False,71.0,07/2017
860,29-2057.00,Ophthalmic Medical Technicians,0.017191977077363894,0.07843103549095125,20,1,0.9541547277936963,0.9541547277936963,0.0,0.0,0.0,0.017191977077363894,IM-weighted,19,0,0,False,22.0,08/2020
861,51-7042.00,"Woodworking Machine Setters, Operators, and Tenders, Except Sawing",0.015518000391312854,0.07468896712766573,25,1,0.9586186656231657,0.9586186656231657,0.0,1.0,0.0,0.015518000391312854,IM-weighted,24,0,0,False,91.0,07/2015
862,51-6011.00,Laundry and Dry-Cleaning Workers,0.0,0.0,23,0,1.0,1.0,0.0,,,0.0,IM-weighted,23,0,0,False,86.0,07/2015
863,47-5081.00,Helpers--Extraction Workers,0.0,0.0,14,0,1.0,1.0,0.0,,,0.0,IM-weighted,14,0,0,False,47.0,08/2018
864,47-5043.00,"Roof Bolters, Mining",0.0,0.0,14,0,1.0,1.0,0.0,,,0.0,IM-weighted,14,0,0,False,47.0,07/2017
865,47-5041.00,Continuous Mining Machine Operators,0.0,0.0,15,0,1.0,1.0,0.0,,,0.0,IM-weighted,15,0,0,False,74.0,07/2016
866,47-5071.00,"Roustabouts, Oil and Gas",0.0,0.0,13,0,1.0,1.0,0.0,,,0.0,IM-weighted,13,0,0,False,56.0,08/2023
867,47-5051.00,"Rock Splitters, Quarry",0.0,0.0,9,0,1.0,1.0,0.0,,,0.0,IM-weighted,9,0,0,False,64.0,06/2008
868,49-3031.00,Bus and Truck Mechanics and Diesel Engine Specialists,0.0,0.0,26,0,1.0,1.0,0.0,,,0.0,IM-weighted,26,0,0,False,83.0,08/2022
869,51-3022.00,"Meat, Poultry, and Fish Cutters and Trimmers",0.0,0.0,12,0,1.0,1.0,0.0,,,0.0,IM-weighted,12,0,0,False,58.0,07/2017
870,35-9021.00,Dishwashers,0.0,0.0,13,0,1.0,1.0,0.0,,,0.0,IM-weighted,13,0,0,False,80.0,08/2025
871,35-9011.00,Dining Room and Cafeteria Attendants and Bartender Helpers,0.0,0.0,23,0,1.0,1.0,0.0,,,0.0,IM-weighted,23,0,0,False,55.0,08/2021
872,37-2012.00,Maids and Housekeeping Cleaners,0.0,0.0,20,0,1.0,1.0,0.0,,,0.0,IM-weighted,20,0,0,False,89.0,08/2020
873,37-3012.00,"Pesticide Handlers, Sprayers, and Applicators, Vegetation",0.0,0.0,10,0,1.0,1.0,0.0,,,0.0,IM-weighted,10,0,0,False,81.0,07/2015
874,51-4052.00,"Pourers and Casters, Metal",0.0,0.0,16,0,1.0,1.0,0.0,,,0.0,IM-weighted,16,0,0,False,65.0,08/2024
875,51-4071.00,Foundry Mold and Coremakers,0.0,0.0,13,0,1.0,1.0,0.0,,,0.0,IM-weighted,13,0,0,False,67.0,08/2023
876,49-3052.00,Motorcycle Mechanics,0.0,0.0,13,0,1.0,1.0,0.0,,,0.0,IM-weighted,13,0,0,False,52.0,08/2021
877,49-9044.00,Millwrights,0.0,0.0,23,0,1.0,1.0,0.0,,,0.0,IM-weighted,23,0,0,False,22.0,08/2024
878,49-9045.00,"Refractory Materials Repairers, Except Brickmasons",0.0,0.0,10,0,1.0,1.0,0.0,,,0.0,IM-weighted,10,0,0,False,92.0,06/2007
879,51-3023.00,Slaughterers and Meat Packers,0.0,0.0,14,0,1.0,1.0,0.0,,,0.0,IM-weighted,14,0,0,False,51.0,07/2017
880,49-9051.00,Electrical Power-Line Installers and Repairers,0.0,0.0,23,0,1.0,1.0,0.0,,,0.0,IM-weighted,23,0,0,False,71.0,08/2021
881,49-9063.00,Musical Instrument Repairers and Tuners,0.0,0.0,24,0,1.0,1.0,0.0,,,0.0,IM-weighted,24,0,0,False,22.0,08/2025
882,53-7031.00,Dredge Operators,0.0,0.0,6,0,1.0,1.0,0.0,,,0.0,IM-weighted,6,0,0,True,81.0,06/2008
883,53-7041.00,Hoist and Winch Operators,0.0,0.0,13,0,1.0,1.0,0.0,,,0.0,IM-weighted,13,0,0,False,78.0,12/2004
884,53-7051.00,Industrial Truck and Tractor Operators,0.0,0.0,9,0,1.0,1.0,0.0,,,0.0,IM-weighted,9,0,0,False,51.0,08/2021
885,51-9197.00,Tire Builders,0.0,0.0,20,0,1.0,1.0,0.0,,,0.0,IM-weighted,20,0,0,False,66.0,08/2020
886,51-9196.00,"Paper Goods Machine Setters, Operators, and Tenders",0.0,0.0,14,0,1.0,1.0,0.0,,,0.0,IM-weighted,14,0,0,False,82.0,08/2018
887,51-9195.03,"Stone Cutters and Carvers, Manufacturing",0.0,0.0,16,0,1.0,1.0,0.0,,,0.0,IM-weighted,16,0,0,False,93.0,07/2015
888,49-9096.00,Riggers,0.0,0.0,14,0,1.0,1.0,0.0,,,0.0,IM-weighted,14,0,0,False,60.0,08/2020
889,51-2051.00,Fiberglass Laminators and Fabricators,0.0,0.0,16,0,1.0,1.0,0.0,,,0.0,IM-weighted,16,0,0,False,65.0,08/2020
890,29-2012.01,Histology Technicians,0.0,0.0,8,0,1.0,1.0,0.0,,,0.0,IM-weighted,8,0,0,False,25.0,08/2025
891,49-3022.00,Automotive Glass Installers and Repairers,0.0,0.0,18,0,1.0,1.0,0.0,,,0.0,IM-weighted,18,0,0,False,50.0,07/2014
892,47-2082.00,Tapers,0.0,0.0,16,0,1.0,1.0,0.0,,,0.0,IM-weighted,16,0,0,False,66.0,07/2015
893,47-2072.00,Pile Driver Operators,0.0,0.0,5,0,1.0,1.0,0.0,,,0.0,IM-weighted,5,0,0,True,69.0,08/2018
894,47-2071.00,"Paving, Surfacing, and Tamping Equipment Operators",0.0,0.0,20,0,1.0,1.0,0.0,,,0.0,IM-weighted,20,0,0,False,45.0,08/2020
895,47-2053.00,Terrazzo Workers and Finishers,0.0,0.0,26,0,1.0,1.0,0.0,,,0.0,IM-weighted,26,0,0,False,63.0,07/2015
896,47-4061.00,Rail-Track Laying and Maintenance Equipment Operators,0.0,0.0,26,0,1.0,1.0,0.0,,,0.0,IM-weighted,26,0,0,False,64.0,07/2015
897,47-4051.00,Highway Maintenance Workers,0.0,0.0,19,0,1.0,1.0,0.0,,,0.0,IM-weighted,19,0,0,False,70.0,07/2017
898,47-4091.00,Segmental Pavers,0.0,0.0,12,0,1.0,1.0,0.0,,,0.0,IM-weighted,12,0,0,False,76.0,06/2008
899,51-6051.00,"Sewers, Hand",0.0,0.0,11,0,1.0,1.0,0.0,,,0.0,IM-weighted,11,0,0,False,47.0,08/2024
900,47-4031.00,Fence Erectors,0.0,0.0,20,0,1.0,1.0,0.0,,,0.0,IM-weighted,20,0,0,False,61.0,08/2019
901,47-3014.00,"Helpers--Painters, Paperhangers, Plasterers, and Stucco Masons",0.0,0.0,11,0,1.0,1.0,0.0,,,0.0,IM-weighted,11,0,0,False,121.0,06/2007
902,35-2015.00,"Cooks, Short Order",0.0,0.0,11,0,1.0,1.0,0.0,,,0.0,IM-weighted,11,0,0,False,65.0,08/2025
903,47-3011.00,"Helpers--Brickmasons, Blockmasons, Stonemasons, and Tile and Marble Setters",0.0,0.0,15,0,1.0,1.0,0.0,,,0.0,IM-weighted,15,0,0,False,64.0,07/2013
904,47-3012.00,Helpers--Carpenters,0.0,0.0,18,0,1.0,1.0,0.0,,,0.0,IM-weighted,18,0,0,False,60.0,07/2013
905,47-3016.00,Helpers--Roofers,0.0,0.0,18,0,1.0,1.0,0.0,,,0.0,IM-weighted,18,0,0,False,99.0,06/2008
906,47-3015.00,"Helpers--Pipelayers, Plumbers, Pipefitters, and Steamfitters",0.0,0.0,15,0,1.0,1.0,0.0,,,0.0,IM-weighted,15,0,0,False,58.0,07/2011
907,47-2151.00,Pipelayers,0.0,0.0,14,0,1.0,1.0,0.0,,,0.0,IM-weighted,14,0,0,False,43.0,08/2025
908,47-2043.00,Floor Sanders and Finishers,0.0,0.0,7,0,1.0,1.0,0.0,,,0.0,IM-weighted,7,0,0,False,55.0,08/2021
909,47-2042.00,"Floor Layers, Except Carpet, Wood, and Hard Tiles",0.0,0.0,14,0,1.0,1.0,0.0,,,0.0,IM-weighted,14,0,0,False,81.0,12/2005
910,47-2041.00,Carpet Installers,0.0,0.0,16,0,1.0,1.0,0.0,,,0.0,IM-weighted,16,0,0,False,85.0,07/2011
911,47-2022.00,Stonemasons,0.0,0.0,16,0,1.0,1.0,0.0,,,0.0,IM-weighted,16,0,0,False,51.0,08/2025
912,45-4021.00,Fallers,0.0,0.0,18,0,1.0,1.0,0.0,,,0.0,IM-weighted,18,0,0,False,73.0,06/2007
913,47-2142.00,Paperhangers,0.0,0.0,20,0,1.0,1.0,0.0,,,0.0,IM-weighted,20,0,0,False,105.0,06/2008
914,29-1022.00,Oral and Maxillofacial Surgeons,0.0,0.0,14,0,1.0,1.0,0.0,,,0.0,IM-weighted,14,0,0,False,60.0,07/2012
915,47-2051.00,Cement Masons and Concrete Finishers,0.0,0.0,26,0,1.0,1.0,0.0,,,0.0,IM-weighted,26,0,0,False,63.0,08/2018
916,29-9093.00,Surgical Assistants,0.0,0.0,28,0,1.0,1.0,0.0,,,0.0,IM-weighted,28,0,0,False,78.0,07/2015
917,27-2021.00,Athletes and Sports Competitors,0.0,0.0,9,0,1.0,1.0,0.0,,,0.0,IM-weighted,9,0,0,False,70.0,07/2016
918,45-2091.00,Agricultural Equipment Operators,0.0,0.0,17,0,1.0,1.0,0.0,,,0.0,IM-weighted,17,0,0,False,71.0,08/2019
919,29-1024.00,Prosthodontists,0.0,0.0,12,0,1.0,1.0,0.0,,,0.0,IM-weighted,12,0,0,False,47.0,08/2024
920,51-9123.00,"Painting, Coating, and Decorating Workers",0.0,0.0,9,0,1.0,1.0,0.0,,,0.0,IM-weighted,9,0,0,False,58.0,08/2019
921,51-9111.00,Packaging and Filling Machine Operators and Tenders,0.0,0.0,20,0,1.0,1.0,0.0,,,0.0,IM-weighted,20,0,0,False,75.0,07/2017
922,51-9083.00,Ophthalmic Laboratory Technicians,0.0,0.0,18,0,1.0,1.0,0.0,,,0.0,IM-weighted,18,0,0,False,92.0,07/2015
923,31-1132.00,Orderlies,0.0,0.0,22,0,1.0,1.0,0.0,,,0.0,IM-weighted,22,0,0,False,90.0,07/2016
