W_exposure,W_protection,Mean_Delta,Percent_Increase
6,2,2.2571072589382446,85.59046587215602
8,3,2.77445287107259,82.88190682556879
10,3,3.859014084507042,87.54062838569881
12,4,4.376045503791983,85.37378114842905
14,5,4.893196099674973,83.8569880823402
