W_exposure,W_protection,Mean_Delta,Percent_Increase
6,2,4.448474409448819,74.01574803149606
8,3,5.013080708661417,73.81889763779527
10,3,6.179143700787402,76.96850393700787
12,4,6.74384842519685,76.96850393700787
14,5,7.308523622047244,77.06692913385827
